T100900005305	GO:0033234
T100900010085	GO:0006468
T100900010085	GO:0046777
T100900003996	GO:0001782
T100900003996	GO:0002315
T100900003996	GO:0043547
T100900003996	GO:0051491
T100900008741	GO:1990830
T100900008741	GO:0045944
T100900002736	GO:0070293
T100900011097	GO:1990830
T100900000760	GO:0017144
T100900009663	GO:1901843
T100900016421	GO:0034982
T100900000141	GO:1990830
T100900005907	GO:0038063
T100900005907	GO:0038065
T100900008461	GO:0051260
T100900008461	GO:0051017
T100900008461	GO:0051764
T100900015780	GO:0050830
T100900015780	GO:0061844
T100900011634	GO:0046942
T100900000403	GO:1990830
T100900000026	GO:0043547
T100900000026	GO:0097178
T100900005054	GO:0090090
T100900005054	GO:0051886
T100900005054	GO:0001954
T100900005054	GO:2001203
T100900005054	GO:0035414
T100900005054	GO:0010629
T100900005054	GO:0071711
T100900005054	GO:0042308
T100900005054	GO:2000647
T100900005054	GO:0030511
T100900005054	GO:0033630
T100900012213	GO:0071479
T100900012213	GO:0006977
T100900012213	GO:1902167
T100900012553	GO:0051092
T100900012553	GO:0031334
T100900009309	GO:0048666
T100900009309	GO:0048665
T100900009309	GO:0048663
T100900009309	GO:0030182
T100900009309	GO:0000122
T100900009309	GO:0006357
T100900009309	GO:0007399
T100900010472	GO:0060336
T100900010472	GO:1902216
T100900005199	GO:0050728
T100900007178	GO:1903672
T100900003509	GO:0097484
T100900003509	GO:0051388
T100900003509	GO:0031175
T100900003881	GO:0042407
T100900006035	GO:1990830
T100900000900	GO:0042832
T100900000900	GO:2000552
T100900000900	GO:0046007
T100900011756	GO:0045841
T100900011756	GO:0010972
T100900010599	GO:1900016
T100900010599	GO:0050729
T100900010599	GO:0071222
T100900014232	GO:0006431
T100900002577	GO:0048675
T100900002577	GO:1903432
T100900002577	GO:0110053
T100900002577	GO:1902774
T100900002577	GO:0001933
T100900002577	GO:1904425
T100900002577	GO:0010506
T100900007038	GO:0045944
T100900010963	GO:0045780
T100900010963	GO:0032418
T100900010963	GO:1900029
T100900004863	GO:0045184
T100900004863	GO:0090023
T100900004863	GO:0060088
T100900004863	GO:2000391
T100900004863	GO:0007605
T100900004863	GO:1905872
T100900004863	GO:0071260
T100900004863	GO:0051260
T100900004863	GO:0051491
T100900004863	GO:2001107
T100900004863	GO:0035024
T100900004863	GO:0007162
T100900004863	GO:2000114
T100900004863	GO:1990869
T100900011319	GO:0045944
T100900009374	GO:0070291
T100900002826	GO:0006536
T100900004008	GO:0043547
T100900013960	GO:1990830
T100900003995	GO:0001782
T100900003995	GO:0002315
T100900003995	GO:0043547
T100900003995	GO:0060997
T100900001374	GO:1990830
T100900007709	GO:0030279
T100900007709	GO:0060173
T100900000808	GO:0031145
T100900014472	GO:0006886
T100900010018	GO:1990830
T100900010595	GO:1990830
T100900005545	GO:1990830
T100900000501	GO:0055114
T100900011049	GO:0006654
T100900011049	GO:0006650
T100900011049	GO:0019433
T100900011049	GO:0019432
T100900011049	GO:0002021
T100900011049	GO:0001676
T100900012520	GO:0043484
T100900012520	GO:0034260
T100900004849	GO:2000568
T100900004849	GO:0001916
T100900004849	GO:0050870
T100900004849	GO:0032729
T100900013789	GO:0007026
T100900012726	GO:0071934
T100900005123	GO:0010042
T100900005123	GO:1904627
T100900005123	GO:0071548
T100900010088	GO:2000736
T100900003503	GO:1990830
T100900014259	GO:0006420
T100900015659	GO:0007283
T100900015659	GO:0007140
T100900012315	GO:1990830
T100900014688	GO:1990830
T100900002093	GO:0008104
T100900002093	GO:0006605
T100900001782	GO:1990830
T100900015656	GO:0009566
T100900015656	GO:0007339
T100900015656	GO:0097722
T100900015656	GO:1901317
T100900008842	GO:1990830
T100900000329	GO:1990830
T100900010739	GO:1990830
T100900008988	GO:0060079
T100900008988	GO:0060291
T100900012429	GO:0048839
T100900008087	GO:0030324
T100900008087	GO:2001046
T100900008087	GO:0018057
T100900008087	GO:2000329
T100900008087	GO:0021510
T100900008087	GO:0060021
T100900008087	GO:1905590
T100900008087	GO:0006954
T100900008087	GO:0061053
T100900007941	GO:0034214
T100900007941	GO:0099093
T100900007941	GO:0051260
T100900007941	GO:0006851
T100900007941	GO:0051560
T101160001995	GO:0048312
T101160001995	GO:0070584
T101160001995	GO:0010637
T101160001995	GO:0090650
T101160001995	GO:0071396
T101160001995	GO:0043653
T101160001995	GO:1900244
T101160001995	GO:0051260
T101160001995	GO:0061003
T101160001995	GO:0090141
T101160001995	GO:1990910
T101160001995	GO:1904579
T101160001995	GO:1905395
T101160001995	GO:0036466
T101160001995	GO:2000302
T101160002114	GO:0089711
T101160002114	GO:0098712
T101160003669	GO:1990090
T101160003669	GO:0032418
T101160003669	GO:0010970
T101160003669	GO:0010628
T101160003669	GO:1904647
T101160003669	GO:1990778
T101160000828	GO:0008090
T101160000828	GO:0008088
T101160003634	GO:0071805
T101160002222	GO:0061621
T101160002222	GO:0071456
T101160002222	GO:0006096
T101160002222	GO:0070371
T101160002222	GO:0051290
T101160005642	GO:0061179
T101160006448	GO:2000253
T101160006448	GO:2000507
T101160006448	GO:0002021
T101160002086	GO:1990090
T101160002086	GO:1905243
T101160002086	GO:0007286
T101160006463	GO:1903671
T101160005286	GO:0015914
T101160004030	GO:0045944
T101160006584	GO:0032781
T101160006584	GO:0043241
T101160002059	GO:0006397
T101160002509	GO:1904579
T101160002509	GO:0071396
T101160002509	GO:0043653
T101160002509	GO:0097237
T101160002509	GO:0090141
T101160002509	GO:0051260
T101160002509	GO:0031667
T101160002509	GO:1990910
T101160002509	GO:1902617
T101160002509	GO:1905395
T101160002509	GO:0043525
T101160002509	GO:0071333
T101160002509	GO:0014850
T101160002509	GO:1901653
T101160005229	GO:0071300
T101160005229	GO:0043066
T101160005229	GO:0009611
T101160005229	GO:0071456
T101160004056	GO:0019896
T101160004056	GO:0070507
T101160004056	GO:0050772
T101160005695	GO:0010977
T101160005695	GO:0007166
T101160002228	GO:0021756
T101160002228	GO:0071260
T101160002228	GO:0071320
T101160002228	GO:0009612
T101160002228	GO:0021766
T101160002228	GO:0071560
T101160002228	GO:0001889
T101160002228	GO:0021772
T101160002228	GO:0021549
T101160002228	GO:0071468
T101160002228	GO:0021987
T101160004754	GO:0097720
T101160001002	GO:0010977
T101160001002	GO:0043525
T101160001002	GO:2000179
T1604880000519	GO:0045893
T2243080000399	GO:0051291
T2243080000399	GO:0051289
T2243080001501	GO:0009432
T2243080000239	GO:0045892
T2243080000239	GO:0045893
T2243080002331	GO:0009432
T2243080001950	GO:0090294
T2243080001950	GO:0043562
T2432320000527	GO:0000492
T2848120004975	GO:0023052
T2848120000864	GO:0033621
T2848120000864	GO:1902801
T2848120004504	GO:1905758
T2848120003245	GO:0006428
T2848120003619	GO:0015991
T2848120000897	GO:0006633
T2848120001768	GO:0030989
T2848120001768	GO:0032118
T2848120004117	GO:1902600
T2848120003637	GO:0015991
T2848120003608	GO:0015991
T2848120001985	GO:0006099
T2848120003563	GO:2000765
T2848120001007	GO:0046656
T2848120000962	GO:1990546
T2848120005106	GO:0006378
T2848120005106	GO:0006379
T2848120002180	GO:0043161
T2848120001498	GO:1990456
T2848120002953	GO:0006886
T2848120004880	GO:0035556
T2848120000520	GO:0006744
T2848120002959	GO:0007009
T2848120003567	GO:0006223
T2848120005041	GO:0033157
T2848120000559	GO:0000338
T2848120000829	GO:1990456
T2848120001340	GO:0030148
T2848120001514	GO:0006357
T2848120000824	GO:0140018
T2848120000824	GO:0002926
T2848120001671	GO:0070126
T2848120004254	GO:0006886
T2848120002436	GO:0030488
T2848120003625	GO:0015991
T2848120002218	GO:0072741
T2848120002218	GO:2000100
T2848120004187	GO:0006091
T2848120003662	GO:0006886
T2848120002258	GO:0006112
T2848120002290	GO:0043161
T2848120002290	GO:0045842
T2848120001509	GO:0006357
T2848120004132	GO:0006520
T2848120001237	GO:0060303
T2848120001237	GO:0080040
T2848120001237	GO:0043044
T2848120000894	GO:0090522
T2848120002352	GO:0006189
T2848120002177	GO:0043161
T2848120002177	GO:0070647
T2848120000766	GO:0016573
T2848120002302	GO:0043161
T2848120002302	GO:0045842
T2848120001232	GO:0006099
T2848120002252	GO:0140053
T2848120000241	GO:0034755
T2848120002076	GO:0072659
T2848120001817	GO:0006364
T2848120004217	GO:0006913
T2848120001051	GO:0019430
T2848120004294	GO:0060303
T2848120004294	GO:0043044
T2848120004290	GO:0006886
T2848120001675	GO:0120049
T2848120004957	GO:0006886
T2848120001904	GO:1904262
T2848120000898	GO:0009107
T2848120002715	GO:0043161
T2848120002715	GO:0045842
T2848120002255	GO:0140053
T2848120003278	GO:0002100
T2848120003553	GO:0034067
T2848120003553	GO:0035103
T2848120000073	GO:0006646
T2848120002331	GO:0007005
T2848120002292	GO:0043161
T2848120002292	GO:0045842
T2848120000507	GO:0006886
T2848120003505	GO:0016925
T2848120002025	GO:0000290
T2848120000500	GO:0006886
T2848120000132	GO:0045842
T2848120000132	GO:0031145
T2848120003144	GO:0006355
T2848120000568	GO:0006378
T2848120002304	GO:0043161
T2848120002304	GO:0045842
T2848120002234	GO:0007165
T2848120004439	GO:0016192
T2848120003008	GO:0006364
T2848120001812	GO:0017196
T2848120003857	GO:0043161
T2848120004890	GO:1903711
T2848120004890	GO:1903710
T2848120004891	GO:1903711
T2848120004891	GO:1903710
T2848120000822	GO:0140018
T2848120000822	GO:0002926
T2848120003572	GO:0007006
T2848120000709	GO:2000765
T2848120002360	GO:0031119
T2848120004695	GO:1990456
T2848120001023	GO:1990456
T2848120004878	GO:0035694
T2848120002168	GO:0006511
T2848120000174	GO:0030989
T2848120000365	GO:0000050
T2848120000365	GO:0006526
T2848120000088	GO:0006307
T2848120003217	GO:0072659
T2848120003156	GO:0007026
T2848120001956	GO:1990456
T2848120003460	GO:0000162
T2848120002335	GO:0016573
T2848120002251	GO:0140053
T2848120002288	GO:0006433
T2848120003497	GO:0030488
T2848120000071	GO:0006531
T2848120003118	GO:0070583
T2848120001975	GO:0006606
T2848120003621	GO:0015991
T2848120003679	GO:0023052
T2848120001810	GO:0017196
T2848120001532	GO:0009086
T2848120001598	GO:1990456
T2848120000827	GO:0140018
T2848120000827	GO:0002926
T2848120000515	GO:0006744
T2848120003982	GO:0000184
T2848120000524	GO:0042776
T2848120001115	GO:1904262
T2848120000304	GO:0038203
T2848120000755	GO:0002943
T2848120000753	GO:0002943
T2848120002326	GO:0016575
T2848120002326	GO:0006355
T2848120001929	GO:0016573
T2848120002714	GO:0043161
T2848120002714	GO:0045842
T2848120003259	GO:0006433
T2848120000510	GO:0006886
T2848120000603	GO:0045292
T2848120001143	GO:0002184
T2848120000386	GO:0007005
T2848120001114	GO:1904262
T2848120002428	GO:0035103
T2848120000967	GO:0000070
T2848120000847	GO:0006886
T2848120000553	GO:0007165
T2848120000873	GO:0006886
T2848120000366	GO:0000050
T2848120000366	GO:0006526
T2848120002929	GO:0006886
T2848120001818	GO:0006526
T2848120002169	GO:0006511
T2848120000672	GO:2000765
T2848120002250	GO:0140053
T2848120005036	GO:0006886
T2848120002710	GO:0043161
T2848120002710	GO:0045842
T2848120003037	GO:0007009
T2848120000516	GO:0006744
T2848120004305	GO:1905857
T2848120004305	GO:0045820
T2848120003924	GO:0140021
T2848120003924	GO:1990544
T2848120003142	GO:0006357
T2848120000602	GO:0045292
T2848120002297	GO:0043161
T2848120002297	GO:0045842
T2848120005045	GO:1990456
T2848120003546	GO:0006397
T2848120002295	GO:0019430
T2848120002295	GO:0042744
T2848120004388	GO:0006066
T2848120003256	GO:0006421
T2848120003461	GO:0000162
T2848120002943	GO:0090522
T2848120000605	GO:0045292
T2848120002665	GO:1903469
T2848120000175	GO:0030989
T2848120003446	GO:0002940
T2848120001874	GO:0015964
T2848120002892	GO:0006886
T2848120000501	GO:0006886
T2848120003550	GO:0006886
T2848120001325	GO:0006357
T2848120001325	GO:0006338
T2848120004362	GO:0034975
T2848120001291	GO:0006364
T2848120000960	GO:0006879
T2848120004360	GO:0006338
T2848120004361	GO:0006886
T2848120004361	GO:0043162
T2848120003438	GO:0006886
T2848120001129	GO:0006325
T2848120001211	GO:0016226
T2848120002308	GO:0043161
T2848120002308	GO:0045842
T2848120000159	GO:0006886
T2848120001099	GO:0030968
T2848120002289	GO:0045842
T2848120002289	GO:0010498
T2848120000670	GO:0019407
T2848120001164	GO:0000105
T2848120002293	GO:0043161
T2848120002293	GO:0045842
T2848120001247	GO:0002183
T2848120003116	GO:0070583
T2848120002882	GO:0045944
T2848120000168	GO:0000050
T2848120003676	GO:0048278
T2848120001937	GO:0010389
T2848120000495	GO:0071846
T2848120000495	GO:1904530
T2848120000495	GO:1903475
T2848120000495	GO:0045010
T2848120000495	GO:0051014
T2848120002402	GO:0016925
T2848120000265	GO:0009447
T2848120003835	GO:0006886
T2848120003835	GO:0006896
T2848120003690	GO:0007166
T2848120000517	GO:0006744
T2848120003839	GO:0006631
T2848120003839	GO:0006637
T2848120000437	GO:0006751
T2848120001508	GO:0006357
T2848120001505	GO:0006357
T2848120000471	GO:0045292
T2848120003840	GO:0043001
T2848120003840	GO:0006896
T2848120003635	GO:0006886
T2848120002000	GO:1990748
T2848120002001	GO:1990748
T2848120000250	GO:0140053
T2848120001404	GO:0035694
T2848120001944	GO:0010389
T2848120002305	GO:0043161
T2848120002305	GO:0045842
T2848120003117	GO:0070583
T2848120000090	GO:0000050
T2848120002812	GO:0006338
T2848120003786	GO:0035694
T2848120001214	GO:0043619
T2848120002118	GO:0016024
T2848120000472	GO:0006886
T2848120001921	GO:0010389
T2848120002016	GO:0006886
T2848120000710	GO:2000765
T2848120001444	GO:0000070
T2848120001018	GO:0006886
T2848120001018	GO:0007264
T2848120004065	GO:1902600
T2848120004065	GO:0070588
T2848120002300	GO:0043161
T2848120002300	GO:0045842
T2848120000072	GO:0097054
T2848120004076	GO:0042168
T2848120002459	GO:0006886
T2848120002113	GO:0048015
T2848120001050	GO:0006886
T2848120003481	GO:0018166
T2848120003481	GO:0000226
T2848120001229	GO:0007005
T2848120003384	GO:0002127
T2848120003384	GO:0032543
T2848120004088	GO:1903469
T2848120001721	GO:0006013
T2848120002950	GO:0006886
T2848120004161	GO:0006368
T2848120004161	GO:0000289
T2848120004161	GO:0006367
T2848120000138	GO:0043161
T2848120000138	GO:0045842
T2848120002925	GO:0016579
T2848120001499	GO:1990456
T2848120000506	GO:0006886
T2848120002077	GO:0072659
T2848120004787	GO:0070131
T2848120004784	GO:0034232
T2848120002248	GO:0006112
T2848120000695	GO:0071897
T2848120004894	GO:0006091
T2848120003413	GO:0038202
T2848120003617	GO:0015991
T2848120004722	GO:0006561
T2848120004515	GO:0042278
T2848120004514	GO:0006886
T2848120003684	GO:0000122
T2848120001905	GO:1904262
T2848120004951	GO:0071629
T2848120000752	GO:0002943
T2848120000416	GO:0016024
T2848120000141	GO:0043161
T2848120000141	GO:0045842
T2848120000293	GO:0044275
T2848120000870	GO:0006886
T2848120004777	GO:1901891
T2848120004777	GO:1902412
T2848120004777	GO:0034613
T2848120002221	GO:0032878
T2848120004617	GO:0006886
T2848120003353	GO:0045945
T2848120001083	GO:0035268
T2848120002088	GO:0016192
T2848120004901	GO:0009191
T2848120000147	GO:0030036
T2848120001334	GO:0000103
T2848120001504	GO:0000289
T2848120001042	GO:0045762
T2848120001042	GO:0010619
T2848120005007	GO:0098869
T2848120003466	GO:0006886
T2848120001388	GO:0006089
T2848120004859	GO:1902600
T2848120004859	GO:0061856
T2848120002934	GO:0006886
T2848120003237	GO:0045292
T2848120000029	GO:0006101
T2848120002815	GO:0006357
T2848120001507	GO:0006357
T2848120001507	GO:0006366
T2848120003984	GO:0060303
T2848120003984	GO:0043044
T2848120002309	GO:0043161
T2848120002309	GO:0045842
T2848120003401	GO:0009052
T2848120000137	GO:0043161
T2848120000137	GO:0031145
T2848120004855	GO:0006081
T2848120000001	GO:0071941
T2848120004354	GO:0016052
T2848120001866	GO:0006913
T2848120002222	GO:0032878
T2848120000928	GO:0070458
T2848120002116	GO:0030091
T2848120002362	GO:0035524
T2848120004738	GO:0016192
T2848120000742	GO:0036088
T2848120000078	GO:0006486
T2848120000825	GO:0140018
T2848120000825	GO:0002926
T2848120002254	GO:0140053
T2848120001750	GO:0098863
T2848120001750	GO:0030989
T2848120001750	GO:0032118
T2848120003248	GO:0048017
T2848120002310	GO:0043161
T2848120002310	GO:0045842
T2848120003191	GO:1903474
T2848120003379	GO:0006406
T2848120001827	GO:0006520
T2848120004908	GO:0006886
T2848120003660	GO:0006886
T2848120003092	GO:0000070
T2848120002663	GO:1990505
T2848120003104	GO:0045292
T2848120003464	GO:0006886
T2848120003571	GO:0007006
T2848120004848	GO:0006882
T2848120002266	GO:0006561
T2848120000558	GO:0000338
T2848120000289	GO:0006886
T2848120002301	GO:0045842
T2848120004817	GO:0044262
T2848120004816	GO:0044262
T2848120002244	GO:0032878
T2848120002127	GO:0046475
T2848120000754	GO:0002943
T2848120000777	GO:0006646
T2848120003493	GO:0009966
T2848120003493	GO:0006231
T2848120003493	GO:0015937
T2848120002914	GO:0006105
T2848120001938	GO:0010389
T2848120004634	GO:0006003
T2848120000970	GO:0000070
T2848120001502	GO:1990456
T2848120000564	GO:0007264
T2848120004914	GO:0006308
T2848120003254	GO:0006431
T2848120000508	GO:0006886
T2848120002938	GO:0006886
T2848120000561	GO:0000338
T2848120000566	GO:0045292
T2848120003992	GO:0007009
T2848120004425	GO:0006886
T2848120005019	GO:0043161
T2848120005019	GO:0045842
T2848120003260	GO:0006425
T2848120000518	GO:0006744
T2848120001517	GO:0006357
T37020014229	GO:0002215
T37020012427	GO:0006310
T37020012427	GO:0036292
T37020003777	GO:0010086
T37020003777	GO:0048579
T37020003777	GO:0051302
T37020002096	GO:0009793
T37020012970	GO:0035196
T37020012970	GO:1990428
T37020000621	GO:0009733
T37020000621	GO:0010102
T37020011949	GO:0009658
T37020011949	GO:0010027
T37020011949	GO:0072598
T37020011693	GO:0060968
T37020011693	GO:0090065
T37020011693	GO:0044030
T37020008126	GO:0046686
T37020008126	GO:0000724
T37020007640	GO:0035196
T37020001750	GO:0007094
T37020009854	GO:0016554
T37020002985	GO:0010019
T37020002985	GO:0040008
T37020002985	GO:2000028
T37020004213	GO:0042631
T37020003998	GO:0045037
T37020002598	GO:1901527
T37020006590	GO:0009099
T37020012388	GO:0070208
T37020008439	GO:0035196
T37020000009	GO:0046686
T37020000009	GO:0009742
T37020000009	GO:0045732
T37020000009	GO:0042742
T37020000009	GO:0050826
T37020000009	GO:0009409
T37020002978	GO:0042752
T37020000381	GO:0030042
T37020003195	GO:0034605
T37020003195	GO:0010030
T37020003762	GO:0009793
T37020003762	GO:0051781
T37020003259	GO:0009668
T37020000386	GO:0030042
T37020008450	GO:0016246
T37020008450	GO:0010426
T37020003976	GO:0009664
T37020007596	GO:2000031
T37020007596	GO:0035196
T37020007596	GO:0045944
T37020007596	GO:1900150
T37020014677	GO:0009651
T37020014677	GO:0099402
T37020009192	GO:0048364
T37020009192	GO:0018344
T37020009192	GO:0009555
T37020005527	GO:0006751
T37020013496	GO:0009867
T37020001695	GO:0071472
T37020001695	GO:0042631
T37020001695	GO:0006970
T37020012294	GO:1904215
T37020011068	GO:0009658
T37020011068	GO:0009651
T37020011068	GO:0042254
T37020011068	GO:0000373
T37020009959	GO:0009658
T37020009959	GO:0010239
T37020000032	GO:1900458
T37020000032	GO:0032000
T37020000379	GO:0030042
T37020014543	GO:0045087
T37020014543	GO:1905037
T37020012079	GO:0009920
T37020008912	GO:0043631
T37020006593	GO:0050790
T37020006593	GO:0009099
T37020006803	GO:0071763
T37020005479	GO:0048367
T37020005479	GO:0009448
T37020005479	GO:0019484
T37020005479	GO:0010183
T37020005479	GO:0009860
T37020005479	GO:0006541
T37020005479	GO:0006540
T37020005479	GO:0009450
T37020005479	GO:0005985
T37020005479	GO:0006105
T37020005479	GO:0006536
T37020005479	GO:0048364
T37020005479	GO:0009865
T37020005479	GO:0046686
T37020005479	GO:0009651
T37020005479	GO:0006020
T37020005479	GO:0006979
T37020005479	GO:0010033
T37020005479	GO:0010154
T37020007275	GO:0009733
T37020007275	GO:0048364
T37020011942	GO:0006633
T37020011942	GO:0006000
T37020011942	GO:0016051
T37020009437	GO:0009624
T37020002290	GO:2000032
T37020002290	GO:1900425
T37020008117	GO:0009793
T37020008117	GO:0051781
T37020014570	GO:2000630
T37020013495	GO:0009867
T37020014061	GO:0071035
T37020014061	GO:0060149
T37020014061	GO:0010587
T37020014061	GO:0000967
T37020001685	GO:0009735
T37020009193	GO:0048364
T37020009193	GO:0018344
T37020009193	GO:0009555
T37020011938	GO:0006000
T37020008772	GO:0006470
T37020008772	GO:0045926
T37020008772	GO:0000226
T37020008772	GO:0009819
T37020010794	GO:0007033
T37020010794	GO:0006886
T37020010794	GO:0045324
T37020000033	GO:0045824
T37020000033	GO:0080183
T37020000033	GO:1900458
T37020003241	GO:0010216
T37020003241	GO:0030422
T37020003241	GO:0010267
T37020003241	GO:0051214
T37020014679	GO:0048767
T37020012108	GO:0016567
T37020012468	GO:0006631
T37020012384	GO:0010182
T37020012384	GO:0000398
T37020012392	GO:0000398
T37020004482	GO:0008284
T37020011937	GO:0006000
T37020009052	GO:0009809
T37020009052	GO:0010228
T37020010787	GO:0007033
T37020010787	GO:0006886
T37020010787	GO:0045324
T37020012228	GO:0010233
T37020012228	GO:0033500
T37020002562	GO:0009658
T37020002562	GO:0006364
T37020002562	GO:0006396
T37020003954	GO:0006470
T37020006857	GO:0009658
T37020006857	GO:0010109
T446890001068	GO:0140084
T446890000996	GO:0071500
T446890000996	GO:0071333
T446890002508	GO:0031288
T446890001560	GO:0007052
T446890003063	GO:1903664
T446890003063	GO:0031156
T446890000995	GO:0071500
T446890000995	GO:0071333
T5592920004051	GO:1902413
T5592920006377	GO:0006798
T72270007651	GO:1903358
T72270007651	GO:0001745
T72270007651	GO:1990386
T72270007651	GO:1903829
T72270005906	GO:0090251
T72270005906	GO:0001736
T72270005906	GO:0035332
T72270005906	GO:0090163
T72270003746	GO:0045785
T72270001244	GO:0007288
T72270001244	GO:1905349
T72270004042	GO:0006723
T72270003082	GO:0070588
T72270003082	GO:0019722
T72270006796	GO:0051560
T72270006796	GO:0007615
T72270006796	GO:0072375
T72270006796	GO:0006851
T72270006796	GO:0036444
T72270007336	GO:0010312
T72270007569	GO:0010312
T72270006464	GO:0009967
T72270006464	GO:0001558
T72270006464	GO:0045727
T72270007336	GO:0010312
T72270005168	GO:0042752
T72270008800	GO:0006099
T72270008800	GO:0035072
T72270008800	GO:0035071
T72270009104	GO:0070868
T72270007336	GO:0010312
T72270013337	GO:0007005
T72270006019	GO:0010312
T72270000179	GO:0045785
T72270007855	GO:1901555
T72270007855	GO:0048678
T72270007855	GO:0007602
T72270010531	GO:0007605
T72270010531	GO:0034389
T72270010531	GO:0008344
T72270010531	GO:0050773
T72270007250	GO:0045785
T72270007150	GO:0045785
T72270013809	GO:0016203
T72270013809	GO:0061564
T72270013809	GO:0007422
T72270013809	GO:0106030
T72270013809	GO:0010976
T72270013809	GO:0007417
T72270009286	GO:0010628
T79550000448	GO:0021522
T79550000448	GO:0007420
T833330000520	GO:0009089
T833330002258	GO:0050918
T833330002258	GO:0015752
T833330002257	GO:0015752
T833330000648	GO:0046081
T833330000648	GO:0070207
T833330000648	GO:0006226
T833330002112	GO:0055129
T833330000360	GO:0006479
T833330000540	GO:0010165
T833330002347	GO:0009231
T833330002348	GO:0009231
T833330002369	GO:0006412
T833330002369	GO:0017148
T833330002402	GO:0006412
T833330002377	GO:0000027
T833330002385	GO:1902626
T833330002385	GO:0090070
T833330002385	GO:0001558
T833330002385	GO:0000027
T833330002386	GO:0000027
T833330002387	GO:0000027
T833330002392	GO:0009314
T833330002392	GO:0000302
T833330002392	GO:0000027
T833330002393	GO:0046677
T833330002393	GO:0000027
T833330002481	GO:0000028
T833330002483	GO:0000028
T833330002484	GO:0000028
T833330002891	GO:0009314
T833330002891	GO:0006231
T833330002947	GO:0009314
T833330002948	GO:0009314
T833330002616	GO:2000143
T833330002616	GO:2000144
T833330000941	GO:0045892
T833330000941	GO:0045893
T833330000487	GO:0010165
T833330001941	GO:0055129
T833330003205	GO:0006855
T833330004349	GO:0070207
T833330002371	GO:0017148
T833330002550	GO:0015847
T833330003127	GO:0010165
T833330003148	GO:0006412
T833330001410	GO:0051289
T833330000646	GO:0009314
T833330001174	GO:0045892
T833330003219	GO:2000143
T833330003219	GO:2000144
T833330003479	GO:0006995
T833330000667	GO:0046177
T833330001289	GO:0009411
T833330003973	GO:0007059
T833330003973	GO:0051276
T833330002374	GO:0000027
T833330002382	GO:0000027
T833330000560	GO:0015765
T833330000560	GO:0006935
T833330000560	GO:0015757
T833330001044	GO:1901998
T833330002118	GO:0031460
T833330002118	GO:0006972
T833330003216	GO:0006855
T833330002375	GO:0000027
T833330002389	GO:0000027
T833330002401	GO:0000027
T833330002474	GO:0000028
T833330002547	GO:0015847
T833330002548	GO:0015847
T833330002259	GO:0015752
T833330003012	GO:0042732
T833330003839	GO:0000028
T833330003839	GO:0000967
T833330003839	GO:0000027
T833330000426	GO:0007059
T833330002116	GO:0031460
T833330002116	GO:0006972
T833330002117	GO:0031460
T833330002117	GO:0006972
T833330000793	GO:0015688
T833330000792	GO:0015688
T833330000500	GO:0008272
T833330000985	GO:0043102
T833330000985	GO:0097264
T833330003089	GO:0045893
T833330002036	GO:0045892
T833330002036	GO:0045893
T833330000625	GO:0042938
T833330000625	GO:0061077
T833330000803	GO:0015685
T833330001777	GO:0009435
T833330001777	GO:0051289
T833330001777	GO:0071248
T833330001777	GO:0010446
T833330001191	GO:0009314
T833330000778	GO:0043085
T833330004036	GO:0018909
T833330002146	GO:0070207
T833330000456	GO:0046688
T833330000456	GO:0010273
T833330003037	GO:0010165
T833330000629	GO:0009314
T833330001704	GO:0015689
T833330003912	GO:0009314
T833330001042	GO:0015813
T833330001042	GO:0070778
T833330002882	GO:0002143
T833330001167	GO:0089709
T833330001167	GO:1903810
T833330002388	GO:0000027
T833330002398	GO:0000027
T833330002383	GO:0000027
T833330002931	GO:0016311
T833330002931	GO:0046677
T833330002381	GO:0042255
T833330000081	GO:0015808
T833330002482	GO:0000028
T833330002074	GO:1903711
T833330002074	GO:0015847
T833330003206	GO:0046677
T833330003372	GO:0009290
T833330003372	GO:0042619
T833330002767	GO:0036172
T83550002754	GO:0016477
T859620000286	GO:0045892
T96060012078	GO:0007186
T96060013686	GO:0070613
T96060013686	GO:2000344
T96060011803	GO:0007186
T96060006155	GO:0034389
T96060011903	GO:0007186
T96060011797	GO:0007186
T96060011899	GO:0007186
T96060011901	GO:0007186
T96060012169	GO:0007186
T96060012195	GO:0007186
T96060012093	GO:0007186
T96060011837	GO:0007186
T96060012088	GO:0007186
T96060011823	GO:0007186
T96060011898	GO:0007186
T96060016023	GO:0043584
T96060011902	GO:0007186
T96060011900	GO:0007186
T96060012161	GO:0007186
T96060011904	GO:0007186
T96060012153	GO:0007186
T96060011806	GO:0007186
T96060011905	GO:0007186
T96060012170	GO:0007186
T96060011822	GO:0007186
T96060011810	GO:0007186
T96060012388	GO:0007186
T96060012214	GO:0007186
T96060008739	GO:0071557
T96060019465	GO:0000122
T96060005027	GO:1904778
T96060012023	GO:0007186
T96060002102	GO:0044267
T96060002102	GO:0043687
T96060012081	GO:0007186
T96060009857	GO:0043124
T96060009857	GO:2000483
T96060009857	GO:1900425
T96060011060	GO:0015949
T96060011748	GO:0007186
T96060011749	GO:0007186
T96060012216	GO:0007186
T96060012027	GO:0007186
T96060006254	GO:0045944
T96060013218	GO:0046947
T96060013218	GO:0006493
T96060013218	GO:0017185
T96060017707	GO:0042982
T96060010530	GO:0006851
T96060004281	GO:0007411
T96060012050	GO:0007186
T96060012068	GO:0007186
T96060012067	GO:0007186
T96060006818	GO:0097428
T96060006818	GO:0044571
T96060012213	GO:0007186
T96060018607	GO:0043687
T96060008730	GO:0070544
T96060008730	GO:0033169
T96060012059	GO:0007186
T96060012188	GO:0007186
T96060011826	GO:0007186
T96060013681	GO:0044267
T96060013681	GO:0043687
T96060008901	GO:0043687
T96060012159	GO:0007186
T96060012187	GO:0007186
T96060018822	GO:0045944
T96060001339	GO:0010498
T96060012760	GO:0007186
T96060012054	GO:0007186
T96060007213	GO:0008645
T96060008870	GO:0000122
T96060015551	GO:0097320
T96060019420	GO:0045944
T96060012801	GO:0007186
T96060006538	GO:0007186
T96060008017	GO:0050716
T96060010791	GO:0015671
T96060006069	GO:0044267
T96060006069	GO:0043687
T96060015468	GO:0044267
T96060015468	GO:0043687
T96060007546	GO:0031640
T96060007546	GO:0061844
T96060014735	GO:0090501
T96060014735	GO:0051607
T96060007801	GO:0045944
T96060007790	GO:0045944
T96060007783	GO:0045944
T96060015566	GO:0007186
T96060011483	GO:0007186
T96060012103	GO:0007186
T96060012141	GO:0007186
T96060012120	GO:0007186
T96060012247	GO:0007186
T96060012087	GO:0007186
T96060011884	GO:0007186
T96060005198	GO:1904022
T96060005198	GO:0060183
T96060005198	GO:0045766
T96060000179	GO:0008285
T96060000179	GO:0030336
T96060000179	GO:0008016
T96060000179	GO:0009611
T96060000179	GO:0032088
T96060000179	GO:0007165
T96060000179	GO:0006954
T96060000179	GO:0007190
T96060000179	GO:0007186
T96060002627	GO:0051289
T96060002639	GO:0050776
T96060002269	GO:0030449
T96060008358	GO:0044267
T96060008358	GO:0043687
T96060004191	GO:0031640
T96060004191	GO:0007186
T96060004191	GO:0061844
T96060010061	GO:0007186
T96060009466	GO:0035722
T96060003754	GO:0030449
T96060004782	GO:0010760
T96060004782	GO:0050729
T96060004782	GO:0032760
T96060004782	GO:0070374
T96060012020	GO:0007186
T96060011195	GO:0031640
T96060011195	GO:0007186
T96060011195	GO:0061844
T96060005501	GO:0030854
T96060012599	GO:0045944
T96060011576	GO:0006915
T96060009511	GO:0007186
T96060012097	GO:0007186
T96060012100	GO:0007186
T96060012099	GO:0007186
T96060012026	GO:0007186
T96060014376	GO:0045944
T96060012783	GO:0031532
T96060010847	GO:0010737
T96060010847	GO:0010628
T96060010847	GO:0050714
T96060019640	GO:0000122
T96060017419	GO:0000209
T96060012742	GO:0007186
T96060004109	GO:0003352
T96060004109	GO:0060271
T96060012051	GO:0007186
T96060012114	GO:0007186
T96060011729	GO:0007186
T96060011778	GO:0007186
T96060013614	GO:0007186
T96060016936	GO:0007186
T96060009431	GO:0038095
T96060009431	GO:0034164
T96060009431	GO:0032720
T96060009431	GO:0032687
T96060009431	GO:0034156
T96060014300	GO:0007411
T96060009186	GO:0006508
T96060009186	GO:0019216
T96060007621	GO:1901385
T96060007621	GO:0071277
T96060007707	GO:0046949
T96060011653	GO:0044267
T96060011653	GO:0043687
T96060012750	GO:0007186
T96060017918	GO:0043687
T96060013558	GO:0045944
T96060012726	GO:0007186
T96060013867	GO:0006470
T96060013867	GO:0034164
T96060013867	GO:0032687
T96060013867	GO:0032688
T96060012165	GO:0007186
T96060012058	GO:0007186
T96060012757	GO:0007186
T96060007017	GO:0007186
T96060016371	GO:0044267
T96060016371	GO:0043687
T96060014243	GO:0044267
T96060014243	GO:0043687
T96060009560	GO:0043687
T96060012392	GO:0007186
T96060012041	GO:0007186
T96060012113	GO:0007186
T96060012232	GO:0007186
T96060012016	GO:0007186
T96060012227	GO:0007186
T96060012212	GO:0007186
T96060016858	GO:0010038
T96060019688	GO:0000122
T96060002555	GO:0070169
T96060002555	GO:0070175
T96060016883	GO:0044267
T96060016883	GO:0043687
T96060009547	GO:1903818
T96060009547	GO:0071805
T96060015433	GO:0008645
T96060005086	GO:0045893
T96060012540	GO:1902216
T96060012540	GO:0006471
T96060012540	GO:0042531
T96060012540	GO:0070212
T96060012540	GO:0010629
T96060012540	GO:0060336
T96060012540	GO:0042532
T96060001783	GO:0006355
T96060011349	GO:0007186
T96060012053	GO:0007186
T96060011753	GO:0007186
T96060017606	GO:0051642
T96060017606	GO:0006998
T96060017606	GO:0090435
T96060006328	GO:0090150
T96060006328	GO:0008277
T96060003084	GO:0010608
T96060003084	GO:0035196
T96060003084	GO:0051661
T96060012062	GO:0007186
T96060000210	GO:0018345
T96060010850	GO:1903358
T96060012177	GO:0007186
T96060012108	GO:0007186
T96060012122	GO:0007186
T96060012085	GO:0007186
T96060012082	GO:0007186
T96060012233	GO:0007186
T96060012045	GO:0007186
T96060011879	GO:0007186
T96060011821	GO:0007186
T96060011758	GO:0007186
T96060011863	GO:0007186
T96060012189	GO:0007186
T96060011906	GO:0007186
T96060004161	GO:2000042
T96060018954	GO:0044267
T96060018954	GO:0043687
T96060012915	GO:0005980
T96060012915	GO:0005978
T96060012915	GO:0061621
T96060012915	GO:0019388
T96060016384	GO:0043687
T96060007223	GO:0008645
T96060003263	GO:0050776
T96060017383	GO:0055088
T96060017383	GO:0032471
T96060009858	GO:0045944
T96060005830	GO:0030335
T96060005830	GO:0034067
T96060005830	GO:0009611
T96060005830	GO:0090316
T96060005830	GO:0035024
T96060005830	GO:0009267
T96060005830	GO:0051683
T96060005830	GO:0007266
T96060005830	GO:2001107
T96060005830	GO:1990869
T96060002752	GO:0008104
T96060012976	GO:0051898
T96060017806	GO:1901800
T96060017806	GO:0034976
T96060019147	GO:0032091
T96060019745	GO:0000723
T96060019745	GO:0010569
T96060019745	GO:0110026
T96060019745	GO:0010977
T96060018749	GO:0007186
T96060010312	GO:0016575
T96060012092	GO:0007186
T96060015548	GO:0045216
T96060002449	GO:0090160
T96060011126	GO:0070374
T96060011126	GO:1904021
T96060011126	GO:1905477
T96060011126	GO:1900451
T96060011126	GO:0060168
T96060006323	GO:2000146
T96060006323	GO:0030334
T96060006323	GO:0045785
T96060019358	GO:0045948
T96060019358	GO:0045727
T96060019358	GO:0061157
T96060008443	GO:0006376
T96060013713	GO:0050767
T96060013713	GO:0031113
T96060008299	GO:0044281
T96060015372	GO:0008284
T96060015372	GO:1904777
T96060019892	GO:0072344
T96060019892	GO:0006513
T96060019892	GO:0016567
T96060009108	GO:0044267
T96060009108	GO:0043687
T96060019885	GO:0000122
T96060008572	GO:0043687
T96060009216	GO:0007032
T96060009216	GO:0097213
T96060009216	GO:0032509
T96060009216	GO:0032911
T96060009216	GO:1905671
T96060009216	GO:1905166
T96060015645	GO:1904878
T96060001097	GO:0007186
T96060010194	GO:0048024
T96060010194	GO:0010608
T96060010194	GO:0120049
T96060007054	GO:0016239
T96060007054	GO:1905098
T96060007054	GO:0034260
T96060015110	GO:0015746
T96060007002	GO:0007186
T96060007002	GO:0007166
T96060007002	GO:0030819
T96060011671	GO:1905793
T96060011671	GO:0060271
T96060010258	GO:0070317
T96060019391	GO:0010608
T96060019391	GO:0035196
T96060012960	GO:0000122
T96060012139	GO:0007186
T96060008939	GO:0045652
T96060012138	GO:0007186
T96060012238	GO:0007186
T96060011896	GO:0007186
T96060009355	GO:0031641
T96060012237	GO:0007186
T96060012208	GO:0007186
T96060012236	GO:0007186
T96060012074	GO:0007186
T96060006829	GO:0018243
T96060006829	GO:0018242
T96060013289	GO:0046929
T96060017603	GO:1905146
T96060017603	GO:0006879
T96060017603	GO:0007042
T96060017603	GO:0036295
T96060019057	GO:0043687
T96060001180	GO:0008104
T96060001180	GO:0006858
T96060001180	GO:0045746
T96060001180	GO:0016567
T96060001180	GO:0006511
T96060001180	GO:0015031
T96060012055	GO:0007186
T96060019462	GO:0000122
T96060018326	GO:0018095
T96060019519	GO:0072659
T96060019519	GO:0018345
T96060010962	GO:0008652
T96060006662	GO:0070291
T96060007837	GO:0097398
T96060006925	GO:0044267
T96060006925	GO:0043687
T96060007199	GO:1904028
T96060015842	GO:0050658
T96060008714	GO:0033146
T96060008714	GO:0006511
T96060008714	GO:0043687
T96060008714	GO:0045879
T96060005870	GO:0006479
T96060005870	GO:0008284
T96060005870	GO:0010628
T96060012945	GO:0070317
T96060008937	GO:0045652
T96060019756	GO:0006355
T96060019756	GO:0045892
T96060013145	GO:0007186
T96060007839	GO:0097398
T96060018260	GO:0070221
T96060012182	GO:0007186
T96060011816	GO:0007186
T96060011813	GO:0007186
T96060012234	GO:0007186
T96060012072	GO:0007186
T96060012079	GO:0007186
T96060012076	GO:0007186
T96060011808	GO:0007186
T96060012071	GO:0007186
T96060011792	GO:0007186
T96060011770	GO:0007186
T96060012221	GO:0007186
T96060012096	GO:0007186
T96060012218	GO:0007186
T96060012220	GO:0007186
T96060012219	GO:0007186
T96060012037	GO:0007186
T96060011750	GO:0007186
T96060011751	GO:0007186
T96060011825	GO:0007186
T96060012106	GO:0007186
T96060012143	GO:0007186
T96060012136	GO:0007186
T96060011824	GO:0007186
T96060012125	GO:0007186
T96060011897	GO:0007186
T96060011769	GO:0007186
T96060012121	GO:0007186
T96060011740	GO:0007186
T96060011741	GO:0007186
T96060012197	GO:0007186
T96060012133	GO:0007186
T96060011773	GO:0007186
T96060011774	GO:0007186
T96060011772	GO:0007186
T96060012135	GO:0007186
T96060012137	GO:0007186
T96060012127	GO:0007186
T96060012129	GO:0007186
T96060012126	GO:0007186
T96060012131	GO:0007186
T96060011735	GO:0007186
T96060012194	GO:0007186
T96060011809	GO:0007186
T96060011759	GO:0007186
T96060011733	GO:0007186
T96060012256	GO:0007186
T96060012117	GO:0007186
T96060012258	GO:0007186
T96060011856	GO:0007186
T96060011878	GO:0007186
T96060011834	GO:0007186
T96060011894	GO:0007186
T96060011765	GO:0007186
T96060012152	GO:0007186
T96060012104	GO:0007186
T96060012146	GO:0007186
T96060012241	GO:0007186
T96060012183	GO:0007186
T96060012184	GO:0007186
T96060012235	GO:0007186
T96060012242	GO:0007186
T96060012228	GO:0007186
T96060012223	GO:0007186
T96060012225	GO:0007186
T96060012057	GO:0007186
T96060011881	GO:0007186
T96060011870	GO:0007186
T96060011883	GO:0007186
T96060011860	GO:0007186
T96060011874	GO:0007186
T96060011875	GO:0007186
T96060011885	GO:0007186
T96060012119	GO:0007186
T96060012118	GO:0007186
T96060011764	GO:0007186
T96060011893	GO:0007186
T96060012148	GO:0007186
T96060012147	GO:0007186
T96060012116	GO:0007186
T96060011864	GO:0007186
T96060011859	GO:0007186
T96060011845	GO:0007186
T96060011828	GO:0007186
T96060011827	GO:0007186
T96060011848	GO:0007186
T96060011849	GO:0007186
T96060011840	GO:0007186
T96060011839	GO:0007186
T96060011869	GO:0007186
T96060011868	GO:0007186
T96060011872	GO:0007186
T96060011865	GO:0007186
T96060012157	GO:0007186
T96060012172	GO:0007186
T96060012158	GO:0007186
T96060012171	GO:0007186
T96060012156	GO:0007186
T96060012155	GO:0007186
T96060011819	GO:0007186
T96060012140	GO:0007186
T96060012112	GO:0007186
T96060012111	GO:0007186
T96060012201	GO:0007186
T96060012231	GO:0007186
T96060012115	GO:0007186
T96060012207	GO:0007186
T96060011762	GO:0007186
T96060011742	GO:0007186
T96060011746	GO:0007186
T96060011745	GO:0007186
T96060011744	GO:0007186
T96060012101	GO:0007186
T96060012110	GO:0007186
T96060012239	GO:0007186
T96060012176	GO:0007186
T96060012174	GO:0007186
T96060012175	GO:0007186
T96060012173	GO:0007186
T96060011895	GO:0007186
T96060012253	GO:0007186
T96060012205	GO:0007186
T96060012043	GO:0007186
T96060011760	GO:0007186
T96060012257	GO:0007186
T96060012255	GO:0007186
T96060011780	GO:0007186
T96060012035	GO:0007186
T96060012031	GO:0007186
T96060012154	GO:0007186
T96060012034	GO:0007186
T96060012015	GO:0007186
T96060012036	GO:0007186
T96060012039	GO:0007186
T96060012038	GO:0007186
T96060012030	GO:0007186
T96060012029	GO:0007186
T96060012028	GO:0007186
T96060011790	GO:0007186
T96060011782	GO:0007186
T96060011787	GO:0007186
T96060011784	GO:0007186
T96060011781	GO:0007186
T96060011788	GO:0007186
T96060012069	GO:0007186
T96060011793	GO:0007186
T96060012250	GO:0007186
T96060011801	GO:0007186
T96060012044	GO:0007186
T96060012251	GO:0007186
T96060012065	GO:0007186
T96060006953	GO:0007186
T96060012095	GO:0007186
T96060011789	GO:0007186
T96060012163	GO:0007186
T96060012162	GO:0007186
T96060012190	GO:0007186
T96060012200	GO:0007186
T96060011776	GO:0007186
T96060011817	GO:0007186
T96060011818	GO:0007186
T96060011763	GO:0007186
T96060011757	GO:0007186
T96060011761	GO:0007186
T96060012210	GO:0007186
T96060012204	GO:0007186
T96060012198	GO:0007186
T96060012199	GO:0007186
T96060012202	GO:0007186
T96060012203	GO:0007186
T96060012073	GO:0007186
T96060011807	GO:0007186
T96060011799	GO:0007186
T96060011791	GO:0007186
T96060012061	GO:0007186
T96060012060	GO:0007186
T96060012196	GO:0007186
T96060011811	GO:0007186
T96060012084	GO:0007186
T96060011812	GO:0007186
T96060011815	GO:0007186
T96060012083	GO:0007186
T96060011814	GO:0007186
T96060012142	GO:0007186
T96060011771	GO:0007186
T96060012245	GO:0007186
T96060012246	GO:0007186
T96060012070	GO:0007186
T96060012166	GO:0007186
T96060011736	GO:0007186
T96060012124	GO:0007186
T96060012105	GO:0007186
T96060012206	GO:0007186
T96060012132	GO:0007186
T96060012130	GO:0007186
T96060012134	GO:0007186
T96060012150	GO:0007186
T96060012145	GO:0007186
T96060012244	GO:0007186
T96060012243	GO:0007186
T96060011873	GO:0007186
T96060011882	GO:0007186
T96060011861	GO:0007186
T96060011876	GO:0007186
T96060011847	GO:0007186
T96060011867	GO:0007186
T96060011838	GO:0007186
T96060011841	GO:0007186
T96060011829	GO:0007186
T96060011866	GO:0007186
T96060012186	GO:0007186
T96060011820	GO:0007186
T96060012107	GO:0007186
T96060012144	GO:0007186
T96060011732	GO:0007186
T96060011887	GO:0007186
T96060012209	GO:0007186
T96060011743	GO:0007186
T96060012102	GO:0007186
T96060012181	GO:0007186
T96060012252	GO:0007186
T96060011890	GO:0007186
T96060012042	GO:0007186
T96060012033	GO:0007186
T96060012032	GO:0007186
T96060011804	GO:0007186
T96060012025	GO:0007186
T96060012089	GO:0007186
T96060012167	GO:0007186
T96060012168	GO:0007186
T96060011755	GO:0007186
T96060011795	GO:0007186
T96060011796	GO:0007186
T96060012086	GO:0007186
T96060006750	GO:0046039
T96060004633	GO:0051085
T96060004633	GO:0070389
T96060004633	GO:0043623
T96060005932	GO:0043065
T96060005932	GO:0051091
T96060005932	GO:0043066
T96060005932	GO:0045893
T96060011835	GO:0007186
T96060013144	GO:0007186
T96060007215	GO:0008645
T96060014740	GO:0050829
T96060014740	GO:0045087
T96060014740	GO:0050830
T96060014740	GO:0061760
T96060014599	GO:0007186
T96060016011	GO:0006469
T96060016011	GO:1903432
T96060016011	GO:1902902
T96060016011	GO:0010629
T96060016011	GO:0032008
T96060016011	GO:1901098
T96060016011	GO:0010506
T96060016011	GO:0016242
T96060004395	GO:0098583
T96060004395	GO:0048839
T96060004395	GO:0042472
T96060004395	GO:0090102
T96060004395	GO:0035112
T96060004395	GO:0050885
T96060004395	GO:0048634
T96060004395	GO:0060021
T96060004395	GO:0097094
T96060004395	GO:1901078
T96060004395	GO:0048806
T96060004395	GO:0030432
T96060004395	GO:0021559
T96060004395	GO:0031223
T96060004395	GO:0021650
T96060004395	GO:1905747
T96060004395	GO:0071626
T96060004395	GO:0007356
T96060004395	GO:1905748
T96060004395	GO:0090103
T96060013932	GO:0034599
T96060006548	GO:0031497
T96060009184	GO:0006123
T96060009184	GO:0007005
T96060009184	GO:0035694
T96060017154	GO:1902017
T96060017154	GO:1905799
T96060017154	GO:0060271
T96060015435	GO:0015798
T96060015066	GO:0007186
T96060013785	GO:0002218
T96060014296	GO:0007186
T96060001210	GO:0043687
T96060001213	GO:0043687
T96060012229	GO:0007186
T96060012179	GO:0007186
T96060012180	GO:0007186
T96060006136	GO:0030449
T96060005945	GO:0043066
T96060005945	GO:0051562
T96060008832	GO:0007186
T96060009371	GO:0045944
T96060010060	GO:0007186
T96060016385	GO:0043687
T96060017488	GO:0007186
T96060010649	GO:0018022
T96060014712	GO:0000209
T96060014144	GO:0010506
T96060017382	GO:0000122
T96060004390	GO:0043687
T96060000209	GO:0018345
T96060000209	GO:0072657
T96060002325	GO:0008104
T96060002325	GO:0034454
T96060014288	GO:0050908
T96060008826	GO:0007411
T96060008826	GO:0031295
T96060013077	GO:0007286
T96060000652	GO:0055114
T96060006062	GO:0043687
T96060019481	GO:1903799
T96060019481	GO:0010608
T96060011737	GO:0007186
T96060002213	GO:0006888
T96060002213	GO:0019886
T96060009447	GO:0043687
T96060002831	GO:0097712
T96060002831	GO:0060271
T96060002831	GO:0034454
T96060017913	GO:0045944
T96060001216	GO:0043687
T96060002322	GO:1905146
T96060002322	GO:0006879
T96060002322	GO:0007042
T96060002322	GO:0036295
T96060019072	GO:0030512
T96060006893	GO:0007186
T96060010782	GO:0015798
T96060010697	GO:0006661
T96060012151	GO:0007186
T96060012149	GO:0007186
T96060012077	GO:0007186
T96060012075	GO:0007186
T96060012090	GO:0007186
T96060012048	GO:0007186
T96060011802	GO:0007186
T96060012047	GO:0007186
T96060011794	GO:0007186
T96060012109	GO:0007186
T96060012123	GO:0007186
T96060012128	GO:0007186
T96060012178	GO:0007186
T96060012226	GO:0007186
T96060012224	GO:0007186
T96060012191	GO:0007186
T96060011854	GO:0007186
T96060011862	GO:0007186
T96060019715	GO:0045944
T96060013204	GO:0019216
T96060016383	GO:0043687
T96060009509	GO:0007186
T96060007020	GO:0007186
T96060012391	GO:0007186
T96060007154	GO:0006337
T96060007154	GO:0006334
T96060007154	GO:0006260
T96060014504	GO:0010628
T96060015550	GO:2001033
T96060010764	GO:0044267
T96060010764	GO:0043687
T96060019957	GO:0000122
T96060004420	GO:0043687
T96060008561	GO:0051013
T96060016707	GO:0007186
T96060007361	GO:0007186
T96060015508	GO:0046952
T96060007214	GO:0008645
T96060001259	GO:0031401
T96060018606	GO:0032510
T96060018606	GO:0016236
T96060018606	GO:0036503
T96060010700	GO:0006661
T96060012049	GO:0007186
T96060012063	GO:0007186
T96060012066	GO:0007186
T96060011768	GO:0007186
T96060012230	GO:0007186
T96060011450	GO:0007186
T96060018366	GO:2000562
T96060018366	GO:0010862
T96060018366	GO:0007179
T96060018366	GO:0001818
T96060018366	GO:2000515
T96060009104	GO:0051495
T96060017547	GO:0070059
T96060001826	GO:0043687
T96060015533	GO:0008283
T96060009510	GO:0007186
T96060011805	GO:0007186
T96060011731	GO:0007186
T96060011728	GO:0007186
T96060011730	GO:0007186
T96060012056	GO:0007186
T96060015137	GO:0007186
T96060008088	GO:0097398
T96060011853	GO:0007186
T96060011850	GO:0007186
T96060002434	GO:0008104
T96060002434	GO:0034454
T96060011832	GO:0007186
T96060011833	GO:0007186
T96060011846	GO:0007186
T96060011844	GO:0007186
T96060011842	GO:0007186
T96060011843	GO:0007186
T96060011857	GO:0007186
T96060001741	GO:0097428
T96060001741	GO:0035722
T96060001741	GO:0044571
T96060007651	GO:0007186
T96060014218	GO:0006098
T96060001225	GO:0043687
T96060004414	GO:0006253
T96060004414	GO:0009143
T96060004414	GO:0042262
T96060004414	GO:0046076
T96060014859	GO:0042273
T96060014859	GO:1901796
T96060014859	GO:1902570
T96060005494	GO:0044267
T96060005494	GO:0043687
T96060000836	GO:0070301
T96060019016	GO:0010506
T96060015065	GO:0007186
T96060000732	GO:0044267
T96060000732	GO:0043687
T96060011234	GO:0015671
T96060013046	GO:0003341
T96060013046	GO:0030317
T96060013046	GO:0070286
T96060012080	GO:0007186
T96060011449	GO:0050776
T96060015375	GO:0090110
T96060010762	GO:0071559
T96060018347	GO:0043687
T96060005274	GO:0044267
T96060005274	GO:0043687
T96060003359	GO:0007186
T96060017684	GO:0032024
T96060017684	GO:0043069
T96060017684	GO:0034620
T96060003125	GO:0038111
T96060003125	GO:0043687
T96060004635	GO:0042407
T96060010087	GO:0006851
T96060013084	GO:0042273
T96060013084	GO:1901796
T96060001224	GO:0043687
T96060018614	GO:0043097
T96060007824	GO:0050821
T96060007824	GO:0043066
T96060008146	GO:0050427
T96060004631	GO:0051085
T96060004631	GO:0070389
T96060004631	GO:0043623
T96060004631	GO:0036503
T96060004631	GO:0071218
T96060007046	GO:0007186
T96060016969	GO:0007186
T96060014390	GO:0019216
T96060007162	GO:0050821
T96060007162	GO:0031333
T96060007162	GO:0032436
T96060007162	GO:1901796
T96060007162	GO:1903006
T96060007162	GO:0006281
T96060007162	GO:1903715
T96060007162	GO:0000122
T96060007162	GO:1901837
T96060007162	GO:0006974
T96060007162	GO:1990173
T96060007162	GO:0051898
T96060007162	GO:0051726
T96060007162	GO:0071456
T96060007162	GO:0032435
T96060007162	GO:0007095
T96060007162	GO:0014067
T96060007162	GO:0001932
T96060007162	GO:0042981
T96060007162	GO:0039535
T96060007162	GO:0000027
T96060012193	GO:0007186
T96060012192	GO:0007186
T96060011889	GO:0007186
T96060012013	GO:0007186
T96060011798	GO:0007186
T96060012185	GO:0007186
T96060011779	GO:0007186
T96060007222	GO:0008645
T96060019392	GO:0010608
T96060019392	GO:0035196
T96060017724	GO:0030214
T96060016817	GO:0030335
T96060016817	GO:0032233
T96060016817	GO:2000298
T96060014167	GO:0060271
T96060014167	GO:0042073
T96060006944	GO:0007186
T96060000951	GO:0008104
T96060000951	GO:0006605
T96060012739	GO:0007186
T96060009590	GO:0034260
T96060009590	GO:1990869
T96060009590	GO:2000405
T96060016530	GO:0042476
T96060000107	GO:0007015
T96060000107	GO:0045198
T96060000107	GO:0030834
T96060000107	GO:0043547
T96060000107	GO:0071526
T96060000107	GO:0006911
T96060000107	GO:0043535
T96060000107	GO:0032956
T96060000107	GO:0051058
T96060000107	GO:0016477
T96060000107	GO:0034329
T96060012091	GO:0007186
T96060019652	GO:0045944
T96060019652	GO:0000122
T96060011747	GO:0007186
T96060001222	GO:0043687
T96060001221	GO:0043687
T96060001219	GO:0016567
T96060001219	GO:0043687
T96060000953	GO:0008104
T96060000953	GO:0006605
T96060011059	GO:0015949
T96060011831	GO:0007186
T96060011830	GO:0007186
T96060006858	GO:0009298
T96060008191	GO:0007186
T96060007035	GO:0007186
T96060000950	GO:0008104
T96060000950	GO:0006605
T96060017574	GO:0043066
T96060017574	GO:1901029
T100900000995	GO:0015031
T100900000995	GO:0016567
T100900000995	GO:0008104
T100900000995	GO:0006511
T100900014443	GO:1900017
T100900014443	GO:2000562
T100900008565	GO:1990918
T100900008565	GO:0042140
T100900008565	GO:0007283
T100900008565	GO:0007146
T100900008565	GO:0007130
T100900008565	GO:0048477
T100900011828	GO:1990830
T100900004021	GO:0050729
T100900005548	GO:0019934
T100900005548	GO:0099555
T100900006741	GO:1990830
T100900016557	GO:0000122
T100900008077	GO:0032197
T100900012535	GO:1990830
T100900014295	GO:0006436
T100900011699	GO:0051170
T100900008160	GO:0034260
T100900008160	GO:1990869
T100900008160	GO:2000405
T100900012551	GO:0050830
T100900012551	GO:0061844
T100900001745	GO:0007416
T100900010415	GO:1990830
T100900015428	GO:0045599
T100900004890	GO:0032418
T100900004890	GO:1900029
T100900009767	GO:1990830
T100900001293	GO:0071425
T100900010555	GO:0036353
T100900010555	GO:0060819
T100900013510	GO:0010506
T100900009345	GO:0000454
T100900009345	GO:0000493
T100900009345	GO:0043489
T100900004593	GO:0007605
T100900006830	GO:2001222
T100900013133	GO:0030517
T100900016692	GO:0033085
T100900016692	GO:0000122
T100900011485	GO:0031175
T100900015403	GO:0051865
T100900015403	GO:0042787
T100900015403	GO:0000209
T100900015403	GO:0061931
T100900015403	GO:1902838
T100900016257	GO:0007005
T100900013200	GO:1902275
T100900013200	GO:0035065
T100900013200	GO:0016569
T100900004372	GO:1990830
T100900007581	GO:0000122
T100900007856	GO:1990830
T100900006698	GO:0045794
T100900013788	GO:1990830
T100900015267	GO:0018095
T100900009362	GO:0045087
T100900009362	GO:0070269
T100900009362	GO:0032741
T100900009362	GO:0051607
T100900012366	GO:1901706
T100900012366	GO:0045668
T100900012366	GO:0045663
T100900008947	GO:0048678
T100900012444	GO:1990830
T100900009800	GO:0006334
T100900000115	GO:1902473
T100900000115	GO:1902817
T100900000115	GO:1905668
T100900000115	GO:0002084
T100900000115	GO:1902950
T100900015706	GO:0016579
T100900010473	GO:1990830
T100900015398	GO:0001578
T100900015398	GO:0001764
T100900015398	GO:0048490
T100900015398	GO:0007409
T100900015398	GO:0000226
T100900015398	GO:0099612
T100900003310	GO:0050773
T100900000167	GO:0002084
T100900013077	GO:1990830
T100900016292	GO:0034497
T100900016292	GO:0061739
T100900016292	GO:0098792
T100900005814	GO:0048512
T100900005814	GO:0007186
T100900005814	GO:0030818
T100900001562	GO:1990830
T100900016652	GO:0000723
T100900016652	GO:0021687
T100900016652	GO:0140059
T100900016652	GO:0048714
T100900016652	GO:0060997
T100900007967	GO:1905516
T100900007967	GO:0046545
T100900007967	GO:0046546
T100900013785	GO:0006886
T100900013785	GO:0043687
T100900013785	GO:0030199
T100900013785	GO:0017185
T100900013785	GO:0032963
T100900014896	GO:0008090
T100900014896	GO:0006898
T100900014896	GO:0097106
T100900014896	GO:0051388
T100900014896	GO:0021542
T100900014896	GO:0098815
T100900014896	GO:0031175
T100900014896	GO:1990416
T100900014896	GO:0097484
T100900009108	GO:0071549
T100900009108	GO:0007519
T100900009108	GO:0008628
T100900009108	GO:0010880
T100900014230	GO:0006429
T100900010554	GO:0036353
T100900010554	GO:0060819
T100900014226	GO:0006428
T100900016693	GO:0033089
T100900016693	GO:0006357
T100900016693	GO:0045944
T100900016693	GO:2001224
T100900016693	GO:2000291
T100900013433	GO:0051453
T100900013433	GO:0030317
T100900005806	GO:0048512
T100900005806	GO:0007186
T100900005806	GO:0051482
T100900005806	GO:0060019
T100900013995	GO:0042476
T100900004858	GO:0008284
T100900004858	GO:0045596
T100900014318	GO:0071260
T100900014318	GO:0019230
T100900012926	GO:0010629
T100900010493	GO:0060335
T100900003944	GO:0045944
T100900010359	GO:0032964
T100900010359	GO:0017185
T100900008270	GO:0051260
T100900008271	GO:0051260
T100900012999	GO:0032964
T100900012999	GO:0030199
T100900012999	GO:0046849
T100900012999	GO:0017185
T100900002984	GO:0042632
T100900016706	GO:0000122
T100900016626	GO:0045944
T100900008553	GO:0051259
T100900008553	GO:2000343
T100900008553	GO:0071642
T100900008553	GO:1990266
T100900008553	GO:0071651
T100900008553	GO:0071639
T100900008553	GO:1905517
T100900008553	GO:0032722
T100900008553	GO:0035926
T100900016172	GO:0090336
T100900016172	GO:0010628
T100900016172	GO:0071773
T100900016172	GO:0070352
T100900005991	GO:0035176
T100900005991	GO:1900738
T100900005991	GO:0043207
T100900005991	GO:0036343
T100900015525	GO:0007283
T100900015525	GO:0010468
T100900004143	GO:0048713
T100900010571	GO:1990830
T100900000116	GO:1902817
T100900000116	GO:1905668
T100900000116	GO:0002084
T100900004637	GO:0043066
T100900004637	GO:2000035
T100900004637	GO:0045660
T100900004637	GO:0030854
T100900004637	GO:0061515
T100900004637	GO:0071157
T100900000161	GO:0070291
T100900008193	GO:1990830
T100900000390	GO:0006006
T100900004293	GO:0042307
T100900004293	GO:1903569
T100900004293	GO:0045944
T100900000453	GO:0031175
T100900000453	GO:0032793
T100900000453	GO:0007613
T100900000453	GO:0007416
T100900000453	GO:0030819
T100900003378	GO:0030974
T100900008139	GO:0018095
T100900016432	GO:0001556
T100900016432	GO:1903538
T100900013565	GO:0003085
T100900013565	GO:0060452
T100900003712	GO:0045780
T100900003712	GO:0032418
T100900003712	GO:1900029
T100900004582	GO:0007605
T100900009264	GO:1990830
T100900007708	GO:0090090
T100900007708	GO:0006915
T100900007708	GO:0060173
T100900007708	GO:0030279
T100900016534	GO:0018345
T100900002294	GO:0070507
T100900002294	GO:2000035
T100900006104	GO:0035093
T100900012320	GO:1990830
T100900012668	GO:0034599
T100900012668	GO:2000825
T100900012668	GO:0007569
T100900012668	GO:0071394
T100900012668	GO:0030521
T100900009646	GO:0018095
T100900015022	GO:0043069
T100900015022	GO:0034620
T100900001401	GO:0007346
T100900011320	GO:1990830
T100900008545	GO:1990830
T100900014282	GO:0006435
T100900012364	GO:0050829
T100900012364	GO:0045087
T100900012364	GO:0061844
T100900012364	GO:0050830
T100900012364	GO:0019731
T100900004300	GO:1990830
T100900008758	GO:0060051
T100900004629	GO:0021895
T100900004629	GO:0060999
T100900012936	GO:0098725
T100900012936	GO:0000132
T100900012936	GO:0090175
T100900008325	GO:0009566
T100900008325	GO:0042742
T100900015791	GO:0016579
T100900004674	GO:0019276
T100900004674	GO:0006044
T100900016520	GO:0006974
T100900016520	GO:0007507
T100900016520	GO:0001654
T100900016520	GO:0018345
T100900005553	GO:0006644
T100900005553	GO:0070291
T100900000821	GO:1904022
T100900000821	GO:0060183
T100900002325	GO:0060816
T100900002325	GO:0120094
T100900002325	GO:0007286
T100900008300	GO:0002084
T100900011024	GO:0030036
T100900011024	GO:0031346
T100900011027	GO:0042832
T100900011027	GO:0061844
T100900008272	GO:0051260
T100900006659	GO:0032609
T100900006659	GO:0035744
T100900006659	GO:0042119
T100900006659	GO:0032635
T100900006659	GO:0008283
T100900006659	GO:0071351
T100900006659	GO:0035655
T100900006659	GO:0045954
T101160003080	GO:0010629
T101160003080	GO:1904322
T101160003080	GO:2000616
T101160003080	GO:0045668
T101160003080	GO:0035984
T101160007568	GO:1901525
T101160000669	GO:0008285
T101160000669	GO:0009611
T101160004221	GO:0006351
T101160002799	GO:0006357
T101160002799	GO:0045944
T101160006857	GO:0070207
T101160002286	GO:0045725
T101160002286	GO:0045821
T101160003016	GO:0030261
T101160001754	GO:1905867
T101160006938	GO:0045944
T101160003306	GO:0002281
T101160006585	GO:0043462
T101160006585	GO:0043241
T101160006585	GO:0002090
T101160007897	GO:0045944
T101160004541	GO:0015012
T101160005061	GO:0031667
T101160005061	GO:0030182
T101160004171	GO:0090141
T101160004171	GO:0006626
T101160004171	GO:0070301
T101160004171	GO:0010666
T101160004171	GO:0045807
T101160004171	GO:1900244
T101160004682	GO:1905174
T101160002590	GO:0010243
T101160007925	GO:0048714
T101160000079	GO:1902817
T101160000079	GO:1905668
T101160000079	GO:0002084
T101160004203	GO:0071456
T101160002445	GO:1901215
T101160002445	GO:1903599
T101160006340	GO:0016261
T101160006681	GO:0046902
T101160006681	GO:1902686
T101160001765	GO:2000134
T101160001765	GO:0007420
T101160001765	GO:0010628
T101160001765	GO:1904427
T101160001765	GO:0001932
T101160001765	GO:0070447
T101160007175	GO:0050965
T101160007175	GO:1904058
T101160004173	GO:0048312
T101160004173	GO:0051602
T101160004173	GO:0010636
T101160004173	GO:0070584
T101160004173	GO:0090650
T101160004173	GO:1902617
T101160004173	GO:0071456
T101160004173	GO:0061003
T101160004173	GO:0031667
T101160004173	GO:1905395
T101160004173	GO:0008584
T101160004173	GO:0051592
T101160004173	GO:0045471
T101160004173	GO:0071549
T101160004173	GO:0071333
T101160004173	GO:0014850
T101160004173	GO:0010042
T101160004173	GO:0090258
T101160004173	GO:1990910
T101160004342	GO:0006089
T1604880000257	GO:0045892
T1604880000257	GO:0045893
T1604880000258	GO:0045892
T1604880000258	GO:0045893
T1604880000286	GO:0045892
T1604880000287	GO:0045892
T2089630003090	GO:0045893
T2243080002862	GO:0009432
T2243080001668	GO:0009432
T2243080001018	GO:0008284
T2243080001018	GO:0006535
T2243080001019	GO:0008284
T2243080001019	GO:0043418
T2243080002554	GO:0009432
T2243080002640	GO:0009432
T2243080002627	GO:0071281
T2243080002553	GO:0009432
T2243080000590	GO:0071281
T2243080000496	GO:0009432
T2243080002469	GO:0071281
T2243080002439	GO:0071281
T2243080000089	GO:0009432
T2243080001669	GO:0009432
T2243080000069	GO:0000256
T2243080003785	GO:0071281
T2243080003824	GO:0045892
T2243080002509	GO:0071281
T2243080001294	GO:0009432
T2243080002404	GO:0009432
T2243080000601	GO:0071281
T2243080003054	GO:0045892
T2243080002002	GO:0009432
T2243080002004	GO:0009432
T2243080001591	GO:0034414
T2243080001896	GO:0009432
T2243080001851	GO:0009432
T2243080000946	GO:0045892
T2243080000946	GO:0009432
T2243080000598	GO:0071281
T2243080000411	GO:0008284
T2243080000411	GO:0051289
T2243080000411	GO:0051291
T2243080000411	GO:0006535
T2243080000411	GO:1904798
T2243080000411	GO:0009087
T2243080002003	GO:0009432
T2243080000459	GO:0071281
T2243080003925	GO:0071281
T2243080000882	GO:1902141
T2243080000882	GO:0019310
T2243080000215	GO:0071281
T2243080000593	GO:0071281
T2243080000595	GO:0071281
T2243080003957	GO:0071281
T2243080004185	GO:0045892
T2243080000505	GO:0009432
T2243080004048	GO:0071281
T2243080002104	GO:0071281
T2243080000774	GO:0071281
T2243080002202	GO:0071281
T2243080000473	GO:0009432
T2243080000406	GO:0009087
T2243080000406	GO:0019344
T2243080002973	GO:0009432
T2243080002974	GO:0009432
T2243080001273	GO:0009432
T2243080001274	GO:0009432
T2375610003479	GO:1900071
T2375610003479	GO:0071241
T2375610007750	GO:0043619
T2375610010650	GO:0030448
T2375610010650	GO:0038202
T2375610006319	GO:0043619
T2375610003220	GO:0061091
T2375610006146	GO:0043065
T2375610006146	GO:0009405
T2375610009218	GO:0043619
T2375610005960	GO:0043619
T2375610005667	GO:0043619
T2375610003710	GO:0100036
T2375610012065	GO:0043610
T2375610002991	GO:2001038
T2375610002991	GO:0043618
T2375610006617	GO:0100036
T2375610004864	GO:0043619
T2375610009610	GO:0043610
T2375610001265	GO:1900429
T2375610009250	GO:0030448
T2375610001990	GO:0030448
T2375610010480	GO:0009306
T2375610010480	GO:0009826
T2375610010480	GO:0030447
T2375610000901	GO:0030447
T2432320000261	GO:0050821
T2432320000261	GO:0051260
T2432320000625	GO:0006435
T2432730000066	GO:0044650
T2432730000066	GO:0006735
T2730570000387	GO:0006435
T2848120000830	GO:1990456
T2848120003099	GO:0009262
T2848120002267	GO:0006561
T2848120000292	GO:0070879
T2848120001819	GO:0036376
T2848120004219	GO:0055085
T2848120003622	GO:0015991
T2848120001392	GO:0009098
T2848120002344	GO:0006511
T2848120003865	GO:0006886
T2848120003636	GO:0006886
T2848120001655	GO:0007264
T2848120004533	GO:1903711
T2848120004533	GO:1903710
T2848120004889	GO:1903711
T2848120004889	GO:1903710
T2848120000791	GO:0007009
T2848120000791	GO:1903474
T2848120000675	GO:0043162
T2848120000675	GO:0006623
T2848120003302	GO:0007006
T2848120004888	GO:1903711
T2848120004888	GO:1903710
T2848120000359	GO:0006730
T2848120000359	GO:1990748
T2848120004392	GO:0006091
T2848120003311	GO:0098863
T2848120003588	GO:0006886
T2848120003901	GO:0070131
T2848120003609	GO:0015991
T2848120000502	GO:0006886
T2848120000082	GO:0043413
T2848120001902	GO:0061024
T2848120004952	GO:1903098
T2848120004952	GO:1905783
T2848120001343	GO:0046037
T2848120001343	GO:0006183
T2848120002874	GO:1904983
T2848120002055	GO:0042818
T37020008508	GO:0048443
T37020008508	GO:0016973
T37020008508	GO:0009910
T37020008508	GO:0060968
T37020008508	GO:0033234
T37020013873	GO:2000769
T37020003858	GO:0009744
T37020003858	GO:0009750
T37020003858	GO:0009749
T37020014340	GO:0009861
T37020014340	GO:0045088
T37020009221	GO:0006355
T37020002111	GO:1902478
T37020002312	GO:0010025
T37020002312	GO:0050832
T37020002312	GO:0043447
T37020002312	GO:0042742
T37020002312	GO:0009414
T37020002377	GO:0043007
T37020002377	GO:1900049
T37020002377	GO:0009555
T37020007637	GO:0090213
T37020007637	GO:0040034
T37020008396	GO:0009793
T37020008396	GO:0010070
T37020009218	GO:0006355
T37020000768	GO:0015804
T37020006518	GO:0010601
T37020006518	GO:2000904
T37020006518	GO:0048444
T37020006518	GO:0009590
T37020006518	GO:2000012
T37020006518	GO:0009630
T37020006518	GO:0009965
T37020006518	GO:0009959
T37020006518	GO:0009958
T37020006518	GO:0006355
T37020006518	GO:0010031
T37020011367	GO:0009658
T37020011367	GO:0010239
T37020011367	GO:1901259
T37020000921	GO:0007015
T37020011818	GO:0060321
T37020011818	GO:0009860
T37020011818	GO:0009846
T37020012872	GO:0006355
T37020008028	GO:0030048
T37020013271	GO:0009737
T37020007747	GO:0007131
T37020007679	GO:0009793
T37020011406	GO:0030154
T37020006245	GO:0009911
T37020006245	GO:0048497
T37020012699	GO:0009793
T37020007636	GO:0090213
T37020007636	GO:0040034
T37020010863	GO:0046686
T37020010863	GO:0009737
T37020013326	GO:0010214
T37020013326	GO:0010192
T37020013327	GO:0010214
T37020013327	GO:0010192
T37020013328	GO:0010214
T37020013328	GO:0010192
T37020000348	GO:0009651
T37020006242	GO:0006783
T37020006242	GO:0033014
T37020006242	GO:0006779
T37020005874	GO:0009737
T37020000883	GO:0006355
T37020003722	GO:0009294
T37020008638	GO:0006875
T37020008638	GO:1990388
T37020008638	GO:0055072
T37020012243	GO:0045892
T37020012243	GO:0009737
T37020006743	GO:0080028
T37020006743	GO:0019762
T37020011727	GO:0043161
T37020011727	GO:0009814
T37020013717	GO:0007015
T37020013717	GO:0048767
T37020013717	GO:0051014
T37020013717	GO:0099636
T37020013717	GO:0009737
T37020013717	GO:0030042
T37020013065	GO:0006355
T37020008079	GO:0010089
T37020005917	GO:0006995
T37020011941	GO:0006000
T37020010089	GO:0080156
T37020011868	GO:0006355
T37020009940	GO:0080156
T37020002359	GO:0046686
T37020001268	GO:0009409
T37020001268	GO:0009817
T37020008496	GO:0006744
T37020010379	GO:0016117
T37020001416	GO:0042742
T37020011435	GO:0006354
T37020008493	GO:0015979
T37020008189	GO:0009970
T37020008188	GO:0015979
T37020001264	GO:0009409
T37020001264	GO:0042742
T37020001271	GO:0009735
T37020010283	GO:0015979
T37020003170	GO:0009767
T37020010314	GO:0010207
T37020014620	GO:0048564
T37020011155	GO:0009735
T37020010285	GO:0015979
T37020012431	GO:0031053
T37020012107	GO:0016567
T37020008850	GO:0006413
T37020008850	GO:0000289
T37020002979	GO:0042752
T37020013556	GO:0010204
T37020013556	GO:0009751
T37020013556	GO:0046283
T37020013556	GO:0009626
T37020007813	GO:0090414
T37020007813	GO:0015689
T37020008804	GO:0006470
T37020008804	GO:0045926
T37020008804	GO:0000226
T37020008804	GO:0009819
T37020014704	GO:0009793
T37020010779	GO:0006355
T37020013000	GO:0006626
T37020004706	GO:0019218
T37020008487	GO:0015979
T37020004381	GO:0009751
T37020004381	GO:0009737
T37020004381	GO:0009611
T37020004381	GO:0009753
T37020013325	GO:0010214
T37020013325	GO:0010192
T37020010393	GO:0015780
T37020010509	GO:0042631
T37020004457	GO:0009408
T37020012148	GO:0016567
T37020013182	GO:0009733
T37020013182	GO:0010366
T37020013182	GO:0019827
T37020013182	GO:0045087
T37020013182	GO:0010082
T37020013182	GO:0055070
T37020013182	GO:0010468
T37020000387	GO:0030042
T37020007108	GO:0006355
T37020009774	GO:0009793
T37020001597	GO:0006355
T37020001597	GO:0010262
T37020014581	GO:0042742
T37020005286	GO:0048510
T37020005286	GO:0009910
T37020005286	GO:0010321
T37020005286	GO:0010228
T37020008358	GO:0006355
T37020004138	GO:0006310
T37020004138	GO:0006281
T37020005526	GO:0006751
T37020000966	GO:0010224
T37020000966	GO:0071456
T37020012904	GO:0035265
T37020008059	GO:0009793
T37020012256	GO:0009814
T37020012256	GO:0010363
T37020013848	GO:0010015
T37020013848	GO:0010031
T37020000211	GO:0006810
T37020013578	GO:0009910
T37020013090	GO:0035280
T37020013090	GO:0051170
T37020008943	GO:0007129
T37020007726	GO:0019853
T37020006812	GO:0010027
T37020009213	GO:0010628
T37020009213	GO:0009567
T37020005607	GO:0042335
T37020007499	GO:0009737
T37020007499	GO:0010162
T37020009731	GO:0010239
T37020009731	GO:0009793
T37020009731	GO:0008380
T37020012803	GO:0045492
T37020012331	GO:0006355
T37020012331	GO:0035874
T37020012331	GO:0048638
T37020005931	GO:0048366
T37020001117	GO:0009651
T37020001288	GO:0070734
T37020001288	GO:0009294
T37020001288	GO:0009555
T37020001288	GO:0006275
T37020001288	GO:0051726
T37020014494	GO:0042246
T37020010453	GO:1901349
T37020010453	GO:0090449
T37020009016	GO:0006656
T37020009212	GO:0006355
T37020009212	GO:0016036
T37020009212	GO:0010628
T37020012131	GO:0031348
T37020012131	GO:0042742
T37020005506	GO:0009853
T37020005506	GO:0009735
T37020008503	GO:0015979
T37020008424	GO:0051512
T37020008424	GO:0071421
T37020008424	GO:0048767
T37020008424	GO:0010015
T37020008424	GO:0071287
T37020000709	GO:0090332
T37020000709	GO:0071423
T37020012476	GO:0009793
T37020012476	GO:0042335
T37020012476	GO:0048316
T37020008478	GO:0006606
T37020000425	GO:0042127
T37020000425	GO:0009944
T37020000425	GO:0051726
T37020000425	GO:1990067
T37020000425	GO:0016226
T37020000425	GO:0006259
T37020000425	GO:2001022
T37020003760	GO:0001676
T37020003760	GO:0010150
T37020003760	GO:0006631
T37020005217	GO:0016575
T37020005217	GO:0010228
T37020009536	GO:0009637
T37020009536	GO:0009903
T37020010820	GO:0090506
T37020008274	GO:0048574
T37020003779	GO:0009965
T37020012155	GO:0016567
T37020012155	GO:0006511
T37020011797	GO:0046686
T37020000461	GO:0007010
T37020006219	GO:0048497
T37020000770	GO:0015804
T37020000770	GO:0015801
T37020007135	GO:0080167
T37020001607	GO:0006355
T37020009740	GO:0080156
T37020009740	GO:0016554
T37020002640	GO:0009733
T37020002640	GO:0045893
T37020002640	GO:0009414
T37020002640	GO:0050826
T37020004920	GO:0043161
T37020005078	GO:0080188
T37020008769	GO:1900425
T37020003185	GO:0010043
T37020011939	GO:0006000
T37020011945	GO:0006355
T37020011945	GO:0010444
T37020011945	GO:0050826
T37020000377	GO:0030042
T37020006514	GO:0006355
T37020013779	GO:0080092
T37020001586	GO:0010371
T37020001586	GO:0045487
T37020002645	GO:0006355
T37020009757	GO:0080156
T37020009430	GO:0009624
T37020012229	GO:0010233
T37020012229	GO:0033500
T37020004001	GO:0042273
T37020001078	GO:0097164
T37020001078	GO:0042538
T37020011817	GO:0060321
T37020011817	GO:0009860
T37020011817	GO:0009846
T37020001745	GO:0046719
T37020001745	GO:0009735
T37020001026	GO:0006355
T37020001026	GO:0009793
T37020001026	GO:0009736
T37020011636	GO:0010492
T37020013875	GO:0051017
T37020006859	GO:0009658
T37020006859	GO:1905157
T37020006859	GO:0009643
T37020006859	GO:0010109
T37020000923	GO:0010090
T37020000923	GO:0007015
T37020000923	GO:0009825
T37020000923	GO:0030041
T37020000923	GO:0030036
T37020004314	GO:0009737
T37020004314	GO:0048765
T37020004314	GO:0009753
T37020004314	GO:0009751
T37020004314	GO:0010228
T37020004314	GO:0009651
T37020004314	GO:0010026
T37020010451	GO:0006821
T37020010451	GO:1902075
T37020011940	GO:0006000
T37020000258	GO:0009624
T37020012024	GO:0010069
T37020000185	GO:0060919
T37020000185	GO:0010315
T37020009829	GO:0031425
T37020001282	GO:0051571
T37020009492	GO:0010119
T37020011390	GO:0048364
T37020011390	GO:0080147
T37020010586	GO:0055046
T37020010586	GO:0009555
T37020001024	GO:0006355
T37020001024	GO:0009736
T37020012871	GO:0032502
T37020012871	GO:0042127
T37020005944	GO:0006995
T37020009747	GO:0080156
T37020005887	GO:0009627
T37020002675	GO:0046686
T37020002675	GO:0009860
T37020012426	GO:0045893
T37020002027	GO:0052543
T37020002027	GO:0009556
T37020002027	GO:0048589
T37020002027	GO:0080092
T37020002027	GO:0055047
T37020002027	GO:0009846
T37020002027	GO:0009555
T37020002025	GO:0010233
T37020002025	GO:0080165
T37020007954	GO:0071578
T37020002028	GO:0048589
T37020002028	GO:0009556
T37020002028	GO:0009555
T37020002403	GO:0010183
T37020004481	GO:0042787
T37020004481	GO:0009742
T37020004481	GO:1900459
T37020007101	GO:0089712
T37020007101	GO:0015808
T37020007101	GO:0098712
T37020010240	GO:0000380
T37020010240	GO:0000398
T37020005583	GO:0006631
T37020005167	GO:0042787
T37020005167	GO:0009742
T37020005167	GO:1900459
T37020004901	GO:0016567
T37020004901	GO:0042787
T37020004901	GO:0009742
T37020004901	GO:1900459
T37020000055	GO:0006573
T37020000055	GO:0006551
T37020001283	GO:0051571
T37020010872	GO:0006970
T37020000769	GO:0015804
T37020012008	GO:0060321
T37020006041	GO:0090332
T37020000259	GO:0010588
T37020000259	GO:0010222
T37020005500	GO:0009611
T37020005500	GO:0016106
T37020005500	GO:0045338
T37020000384	GO:0051017
T37020000385	GO:0030042
T37020000798	GO:0019761
T37020005092	GO:0009733
T37020005092	GO:0048103
T37020005092	GO:0048829
T37020005092	GO:0045770
T37020004675	GO:0042787
T37020004675	GO:0009742
T37020004675	GO:1900459
T446890000269	GO:0006914
T446890000685	GO:0051591
T446890001069	GO:0140084
T446890002509	GO:0031288
T446890000954	GO:0070177
T446890003324	GO:0045595
T446890003324	GO:0099139
T446890002774	GO:0044671
T446890002774	GO:0006914
T446890002774	GO:0010628
T446890002774	GO:0010629
T446890002774	GO:0030587
T446890003351	GO:0030833
T446890003351	GO:0009372
T446890003351	GO:0048837
T446890003351	GO:0022407
T446890003351	GO:0010628
T446890003351	GO:0019933
T446890003351	GO:1904007
T446890003351	GO:0110014
T446890003242	GO:0016045
T446890003242	GO:0050829
T446890003242	GO:0051593
T446890000795	GO:0050766
T446890000795	GO:0031288
T446890000952	GO:0070177
T446890002807	GO:0009411
T446890002645	GO:0000281
T446890002645	GO:0030587
T446890001336	GO:0010628
T446890001336	GO:0043949
T446890003376	GO:0051056
T446890003376	GO:0031149
T446890003376	GO:0048870
T446890003376	GO:0098609
T446890003376	GO:0030587
T446890003376	GO:0034260
T446890003376	GO:0043327
T446890001034	GO:0010810
T446890001034	GO:0031156
T446890001819	GO:2000813
T446890001819	GO:0030036
T446890002827	GO:0036360
T446890002827	GO:0008295
T5592920001831	GO:0006452
T5592920001831	GO:0045901
T5592920002757	GO:1902647
T5592920002786	GO:0030476
T5592920005810	GO:0000316
T5592920005810	GO:0072348
T5592920005810	GO:0008272
T5592920004487	GO:0018105
T5592920006268	GO:0045332
T5592920006268	GO:0042147
T5592920006269	GO:0016558
T5592920005364	GO:0019321
T5592920001912	GO:0006974
T72270005045	GO:0099536
T72270005045	GO:0035493
T72270003819	GO:0019538
T72270008685	GO:0007615
T72270008685	GO:0072375
T72270008685	GO:0036444
T72270013573	GO:0010312
T72270013573	GO:0071578
T72270013573	GO:0006882
T72270010759	GO:0009636
T72270010759	GO:0097254
T72270003687	GO:0034059
T72270002492	GO:0097039
T72270002492	GO:0010286
T72270002492	GO:0097039
T72270002492	GO:0010286
T72270002492	GO:0097039
T72270002492	GO:0010286
T72270002492	GO:0097039
T72270002492	GO:0010286
T72270002492	GO:0097039
T72270002492	GO:0010286
T72270010470	GO:0010628
T72270007486	GO:0070207
T72270010759	GO:0009636
T72270010759	GO:0097254
T72270008418	GO:0034975
T72270002492	GO:0097039
T72270002492	GO:0010286
T72270005860	GO:0000381
T72270005860	GO:0007530
T72270008478	GO:0007288
T72270008478	GO:1905503
T72270002492	GO:0097039
T72270002492	GO:0010286
T72270005860	GO:0000381
T72270005860	GO:0007530
T72270013475	GO:0016078
T72270013475	GO:0010587
T72270009755	GO:0042752
T72270009755	GO:0060012
T72270009755	GO:1904456
T72270002037	GO:0051598
T72270002980	GO:0034975
T72270002980	GO:0008593
T72270000700	GO:0008053
T72270000700	GO:0042407
T72270003104	GO:0045167
T72270003104	GO:0140024
T72270008316	GO:1990809
T72270004208	GO:0006417
T72270004208	GO:0008344
T72270002872	GO:0043569
T72270009199	GO:0006914
T72270009199	GO:2000786
T72270010166	GO:0016226
T72270007486	GO:0070207
T72270000115	GO:0007283
T72270000115	GO:0010468
T72270004734	GO:0061865
T72270004734	GO:0043547
T72270011439	GO:0030237
T72270011439	GO:0000381
T72270011439	GO:0080009
T72270009747	GO:0045333
T72270009747	GO:0034553
T72270009747	GO:0003407
T72270009747	GO:0034614
T72270002492	GO:0097039
T72270002492	GO:0010286
T72270002984	GO:0006508
T72270002984	GO:1901379
T72270008388	GO:0007288
T72270010830	GO:0007166
T72270010830	GO:0046854
T72270000015	GO:0016056
T72270000015	GO:0048512
T72270000015	GO:0071482
T72270000015	GO:0043153
T72270011796	GO:1990845
T72270011796	GO:0032471
T72270011796	GO:1901895
T72270011796	GO:0010888
T72270010759	GO:0009636
T72270010759	GO:0097254
T72270004628	GO:1990709
T72270009830	GO:0061077
T72270005860	GO:0000381
T72270005860	GO:0007530
T72270010239	GO:0060213
T72270010239	GO:0017148
T72270013475	GO:0016078
T72270004974	GO:1903804
T72270004974	GO:0042752
T72270004974	GO:0006836
T72270008478	GO:0007288
T72270008478	GO:1905503
T72270004132	GO:0007166
T72270004132	GO:0046854
T72270005860	GO:0000381
T72270005860	GO:0007530
T79550002033	GO:0060041
T79550001580	GO:0048741
T79550001580	GO:0007626
T79550001632	GO:0002040
T79550001437	GO:0001755
T79550002464	GO:0001889
T79550000979	GO:0045746
T79550000979	GO:0098508
T79550000979	GO:0060216
T79550002906	GO:0003140
T79550002906	GO:0000132
T79550002906	GO:0060271
T79550002906	GO:0001947
T79550002906	GO:0035844
T79550002906	GO:0061032
T79550002906	GO:0061371
T79550001175	GO:0007623
T79550000284	GO:0006783
T79550002539	GO:0060027
T79550002031	GO:0065004
T79550002031	GO:0033151
T79550001601	GO:0060218
T79550001939	GO:0001885
T79550000020	GO:0048899
T79550000020	GO:0042552
T79550000020	GO:0036269
T79550000020	GO:0010842
T79550000020	GO:0043010
T79550000020	GO:0048919
T79550002315	GO:0002244
T79550000697	GO:0060271
T79550000305	GO:0043009
T79550000305	GO:0033077
T79550001005	GO:0007417
T79550000132	GO:0060319
T79550001617	GO:1904888
T79550002578	GO:0060271
T79550001652	GO:0048841
T79550002164	GO:0051216
T79550002164	GO:0042254
T79550002164	GO:0048703
T79550000152	GO:0007416
T79550000088	GO:0034970
T79550000088	GO:0010629
T79550000088	GO:0051572
T79550000609	GO:0051216
T79550000354	GO:0003323
T79550000354	GO:0031018
T79550000354	GO:1990798
T79550000658	GO:0030238
T79550000658	GO:0008584
T79550000549	GO:0035675
T79550000549	GO:0032475
T79550000549	GO:0048840
T79550002928	GO:1905881
T79550002928	GO:0017148
T79550001927	GO:0060271
T79550001927	GO:0048589
T79550001927	GO:0098534
T79550001602	GO:0002244
T79550001602	GO:0060216
T79550000061	GO:0003402
T79550000061	GO:2000095
T79550000061	GO:0097475
T79550000061	GO:0060027
T79550002004	GO:0008354
T833330001166	GO:0089709
T833330001166	GO:1903810
T833330000161	GO:0006995
T833330000161	GO:0071294
T833330000161	GO:0009267
T833330001698	GO:0034214
T833330001698	GO:0006777
T833330002289	GO:0009314
T833330000127	GO:0017013
T833330004292	GO:0046677
T833330001586	GO:0051291
T833330002135	GO:0010557
T833330000791	GO:0015688
T833330000791	GO:0055072
T833330000791	GO:0010039
T833330002287	GO:0006310
T833330002287	GO:0010165
T833330002287	GO:0006281
T833330000195	GO:2000892
T833330001682	GO:0000270
T833330002757	GO:0015888
T833330002641	GO:0061720
T833330003045	GO:0007155
T833330001623	GO:0046677
T833330001834	GO:0035444
T833330000393	GO:0030488
T833330000393	GO:0002098
T833330004104	GO:0009061
T833330003011	GO:0042732
T833330003011	GO:0015753
T833330004427	GO:0006829
T833330002881	GO:0002143
T833330004425	GO:0071577
T833330003823	GO:2000144
T833330001380	GO:0010165
T833330003102	GO:0009314
T833330004225	GO:0006301
T833330004243	GO:0006974
T833330000217	GO:0043442
T833330000217	GO:0051289
T833330000733	GO:0010165
T833330000769	GO:0006635
T83550002035	GO:0051312
T83550002035	GO:0035041
T83550001646	GO:0031640
T83550002141	GO:0006974
T83550002141	GO:0045732
T83550003281	GO:0006289
T83550003281	GO:0070914
T83550003281	GO:0000715
T83550002320	GO:0009948
T83550002320	GO:0014028
T83550002320	GO:0060034
T83550002320	GO:0007369
T83550002320	GO:0030903
T83550001593	GO:0071788
T859620000059	GO:0071281
T859620000454	GO:0071281
T96060008285	GO:0061762
T96060008285	GO:0061635
T96060008285	GO:0071902
T96060008285	GO:0033138
T96060008285	GO:0098586
T96060008285	GO:0071222
T96060008285	GO:0070431
T96060008285	GO:0045087
T96060008285	GO:0075044
T96060008285	GO:0010800
T96060008285	GO:0050821
T96060008285	GO:1901098
T96060008285	GO:0010508
T96060008285	GO:0042742
T96060008285	GO:0060335
T96060008285	GO:0050829
T96060008285	GO:0031648
T96060008285	GO:0043254
T96060008285	GO:0000045
T96060008285	GO:0001934
T96060008285	GO:0061739
T96060019458	GO:0008285
T96060014484	GO:0090630
T96060017781	GO:0007520
T96060011316	GO:0045944
T96060001214	GO:0043687
T96060018320	GO:0018095
T96060018328	GO:0018094
T96060007572	GO:0002253
T96060008733	GO:0033169
T96060008577	GO:0043687
T96060001914	GO:0035774
T96060019899	GO:2000291
T96060018421	GO:0006357
T96060018421	GO:0045944
T96060017531	GO:0045944
T96060016545	GO:0008285
T96060016545	GO:0033209
T96060016545	GO:0045944
T96060016545	GO:0070498
T96060016545	GO:0070102
T96060016545	GO:2001269
T96060011364	GO:0006357
T96060005286	GO:0045026
T96060016090	GO:0009636
T96060009790	GO:0009566
T96060009790	GO:0042742
T96060009790	GO:0007342
T96060017706	GO:0007029
T96060017706	GO:0051291
T96060017706	GO:0051260
T96060011073	GO:0015012
T96060011073	GO:0015014
T96060007553	GO:0071356
T96060007553	GO:0042268
T96060007553	GO:0010468
T96060007553	GO:1902715
T96060012299	GO:0018279
T96060014452	GO:0010628
T96060012574	GO:0099601
T96060017053	GO:0030335
T96060007563	GO:1900118
T96060007563	GO:0072734
T96060007563	GO:1902109
T96060010078	GO:1900087
T96060014225	GO:0051259
T96060014225	GO:0043484
T96060016549	GO:0050427
T96060017736	GO:0008285
T96060017736	GO:0030336
T96060017736	GO:0008016
T96060017736	GO:0009611
T96060017736	GO:0032088
T96060017736	GO:0007165
T96060017736	GO:0006954
T96060017736	GO:0007190
T96060002951	GO:0007267
T96060002951	GO:0007292
T96060002951	GO:0006915
T96060002951	GO:0007165
T96060006134	GO:0032091
T96060006134	GO:0045919
T96060006134	GO:0030449
T96060009883	GO:0051983
T96060004676	GO:1903845
T96060004676	GO:0000122
T96060004676	GO:0071560
T96060004676	GO:0045944
T96060004676	GO:0030514
T96060004676	GO:0071773
T96060002146	GO:0050713
T96060002146	GO:0032091
T96060002146	GO:0097340
T96060017211	GO:0072675
T96060017211	GO:0045671
T96060017967	GO:0001578
T96060004331	GO:0090026
T96060004331	GO:0071223
T96060004331	GO:0045087
T96060004331	GO:0002741
T96060004331	GO:0032722
T96060004331	GO:0061844
T96060005105	GO:0045026
T96060005385	GO:0045026
T96060005106	GO:0045026
T96060017656	GO:0006487
T96060005328	GO:0045026
T96060005287	GO:0045026
T96060015578	GO:0045454
T96060008292	GO:0000122
T96060005913	GO:1905035
T96060005913	GO:0019732
T96060005913	GO:0061844
T96060009474	GO:0006941
T96060009474	GO:0048743
T96060009474	GO:0030240
T96060009474	GO:0045010
T96060002954	GO:0007015
T96060002954	GO:0051058
T96060018443	GO:0071947
T96060018443	GO:1904037
T96060003893	GO:0045944
T96060005819	GO:0090263
T96060005819	GO:0035411
T96060018324	GO:0018095
T96060008186	GO:0031647
T96060003236	GO:0002769
T96060003236	GO:2000272
T96060003236	GO:0045953
T96060003237	GO:1904766
T96060003237	GO:1904263
T96060003237	GO:0009267
T96060003237	GO:1901097
T96060014856	GO:0006098
T96060000768	GO:0006508
T96060012541	GO:0070212
T96060012541	GO:0000122
T96060006834	GO:0018243
T96060009955	GO:1902412
T96060009955	GO:0090307
T96060009955	GO:0046602
T96060009955	GO:0060236
T96060001910	GO:0042572
T96060001910	GO:0042573
T96060001910	GO:0042574
T96060008607	GO:0006511
T96060008607	GO:0045879
T96060013420	GO:2000300
T96060007928	GO:0051607
T96060015549	GO:0045216
T96060002144	GO:0050713
T96060002144	GO:0032091
T96060002144	GO:0071222
T96060002144	GO:0051092
T96060002144	GO:0010804
T96060002144	GO:0071494
T96060002144	GO:0031665
T96060002144	GO:0043154
T96060002144	GO:0097340
T96060002144	GO:0071456
T96060002144	GO:0043123
T96060003618	GO:0006744
T96060003618	GO:0032259
T96060000544	GO:0060050
T96060000544	GO:1901980
T96060000544	GO:0006486
T96060002302	GO:0043065
T96060009739	GO:0051260
T96060004404	GO:0060339
T96060004404	GO:0042787
T96060004207	GO:0010644
T96060005380	GO:0034614
T96060005380	GO:0036297
T96060003727	GO:0097267
T96060003727	GO:0002933
T96060016657	GO:0043065
T96060016657	GO:0090073
T96060016657	GO:1902110
T96060009777	GO:0045333
T96060009777	GO:0034551
T96060009556	GO:1903818
T96060009556	GO:0071805
T96060015545	GO:0045333
T96060015545	GO:0034553
T96060015545	GO:0003407
T96060014777	GO:0010459
T96060014777	GO:0034356
T96060014777	GO:0055114
T96060014777	GO:0045776
T96060002145	GO:0050713
T96060002145	GO:0071222
T96060004362	GO:0016567
T96060015955	GO:0097752
T96060015955	GO:0043066
T96060015955	GO:0071222
T96060004927	GO:0006470
T96060014271	GO:0010628
T96060014271	GO:0051260
T96060014271	GO:0006406
T96060005291	GO:0045026
T96060013902	GO:0050860
T96060007082	GO:0043280
T96060016569	GO:0050427
T96060007957	GO:1900182
T96060007957	GO:0031648
T96060007957	GO:1902164
T96060007957	GO:2000060
T96060007957	GO:0050821
T96060007957	GO:0045893
T96060007957	GO:0043388
T96060007957	GO:0035457
T96060012741	GO:0090305
T96060012741	GO:0090503
T96060012741	GO:0000288
T96060012741	GO:0071359
T96060012741	GO:0060548
T96060012741	GO:0071346
T96060012741	GO:0045070
T96060012741	GO:0044528
T96060012741	GO:0090324
T96060012741	GO:0000958
T96060012741	GO:0035457
T96060008450	GO:0048741
T96060010945	GO:0008284
T96060010945	GO:1902808
T96060000845	GO:0006397
T96060019039	GO:0006997
T96060019039	GO:0043066
T96060019039	GO:0031122
T96060003447	GO:0055065
T96060006830	GO:0006493
T96060000211	GO:0018345
T96060004189	GO:0055085
T96060002806	GO:0042476
T96060002806	GO:0030154
T96060002806	GO:0031214
T96060002806	GO:0008283
T96060018429	GO:0071947
T96060018429	GO:1904035
T96060008884	GO:0016567
T96060008884	GO:0051865
T96060008884	GO:0045109
T96060004575	GO:0006694
T96060009459	GO:0006898
T96060017734	GO:0042127
T96060017734	GO:0030334
T96060017734	GO:0090559
T96060017734	GO:0043066
T96060016192	GO:2000016
T96060016192	GO:0030514
T96060016192	GO:0030178
T96060016192	GO:0045662
T96060014206	GO:0090090
T96060014206	GO:0010629
T96060014206	GO:0010628
T96060014206	GO:0002357
T96060017452	GO:0098583
T96060017452	GO:0048839
T96060017452	GO:0042472
T96060017452	GO:0090102
T96060017452	GO:0035112
T96060017452	GO:0050885
T96060017452	GO:0048634
T96060017452	GO:0060021
T96060017452	GO:0097094
T96060017452	GO:1901078
T96060017452	GO:0048806
T96060017452	GO:0030432
T96060017452	GO:0021559
T96060017452	GO:0031223
T96060017452	GO:0021650
T96060017452	GO:1905747
T96060017452	GO:0071626
T96060017452	GO:0007356
T96060017452	GO:1905748
T96060017452	GO:0090103
T96060009572	GO:1903818
T96060009572	GO:0071805
T96060001218	GO:0043687
T96060010715	GO:0090630
T96060010715	GO:0036120
T96060004525	GO:0016567
T96060004525	GO:0006461
T96060004525	GO:0032436
T96060019408	GO:0010628
T96060019408	GO:0010976
T96060019408	GO:0010975
T96060018517	GO:0006513
T96060018517	GO:0051865
T96060018517	GO:0000209
T96060004332	GO:0050829
T96060004332	GO:0031640
T96060004328	GO:0050829
T96060004328	GO:0050830
T96060004328	GO:0031640
T96060018944	GO:0042130
T96060018944	GO:0043066
T96060018944	GO:0050868
T96060003191	GO:0008285
T96060003191	GO:0006469
T96060003191	GO:0045786
T96060003191	GO:1904030
T96060003191	GO:0010628
T96060003191	GO:0045861
T96060003191	GO:0070373
T96060009757	GO:0050830
T96060009757	GO:0042742
T96060008120	GO:0051260
T96060011210	GO:0006355
T96060011210	GO:0006357
T96060011210	GO:0045944
T96060011210	GO:0006461
T96060017500	GO:1904057
T96060017500	GO:0050965
T96060017500	GO:0051930
T96060017500	GO:0003085
T96060017500	GO:0007204
T96060017500	GO:0007217
T96060017500	GO:1902093
T96060017500	GO:1904058
T96060000769	GO:0006508
T96060010198	GO:0050890
T96060010198	GO:0045944
T96060010304	GO:0006851
T96060002329	GO:0035024
T96060002329	GO:0090630
T96060002329	GO:2000146
T96060010968	GO:0030336
T96060010968	GO:0032703
T96060010968	GO:1905929
T96060010968	GO:0031116
T96060010968	GO:0007026
T96060016616	GO:0048026
T96060014522	GO:0008652
T96060004430	GO:0097752
T96060004430	GO:1902230
T96060013234	GO:0046839
T96060013234	GO:0006695
T96060013010	GO:0050776
T96060019520	GO:0072659
T96060019520	GO:0018345
T96060014111	GO:0051260
T96060003753	GO:0001654
T96060004261	GO:0050829
T96060004261	GO:0050830
T96060003280	GO:0097323
T96060003280	GO:0072602
T96060003280	GO:0042102
T96060001698	GO:0043280
T96060004260	GO:0050829
T96060004260	GO:0045087
T96060004260	GO:0050830
T96060004260	GO:0061760
T96060003462	GO:1903078
T96060017910	GO:0051673
T96060017910	GO:0031640
T96060017910	GO:0061844
T96060001139	GO:0040010
T96060001139	GO:1902254
T96060001139	GO:0043066
T96060010311	GO:0016575
T96060004584	GO:0010508
T96060004321	GO:0050829
T96060004321	GO:0045087
T96060004321	GO:0050830
T96060004321	GO:0061760
T96060009102	GO:0042543
T96060012322	GO:0016579
T96060002799	GO:0000381
T96060009570	GO:1903818
T96060009570	GO:0071805
T96060010045	GO:1903401
T96060010045	GO:1903400
T96060010045	GO:0006865
T96060010045	GO:0015879
T96060010045	GO:1902616
T96060010045	GO:0089709
T96060010045	GO:0015822
T96060010045	GO:1990575
T96060013286	GO:0000289
T96060017297	GO:0010529
T96060017687	GO:0042147
T96060012419	GO:0045786
T96060012419	GO:0009411
T96060012419	GO:0042493
T96060012419	GO:0014070
T96060001550	GO:0050731
T96060001550	GO:0042113
T96060017229	GO:0007283
T96060009738	GO:0051260
T96060004324	GO:0071224
T96060004324	GO:0090026
T96060004324	GO:2000778
T96060004324	GO:2001184
T96060004324	GO:0090197
T96060004324	GO:0007249
T96060004324	GO:0071651
T96060004324	GO:1904209
T96060004324	GO:1900042
T96060013684	GO:0006508
T96060013684	GO:1904627
T96060008574	GO:0014029
T96060008574	GO:0006513
T96060008574	GO:0043687
T96060008574	GO:0014032
T96060018330	GO:0045931
T96060018330	GO:0018166
T96060018330	GO:0090235
T96060018318	GO:0018095
T96060008068	GO:1900017
T96060008068	GO:0006954
T96060008068	GO:0032725
T96060008068	GO:0032757
T96060008068	GO:1903707
T96060008068	GO:0032755
T96060018948	GO:0090336
T96060018948	GO:0010628
T96060018948	GO:0010884
T96060018948	GO:0070352
T96060017697	GO:0050910
T96060005449	GO:0042634
T96060019073	GO:0030512
T96060004258	GO:0002548
T96060004258	GO:0045087
T96060004258	GO:1904628
T96060004258	GO:0050830
T96060004258	GO:0050829
T96060004258	GO:0050918
T96060006844	GO:0042758
T96060006844	GO:1903965
T96060006844	GO:0051793
T96060013328	GO:0007015
T96060013328	GO:0070830
T96060013328	GO:0030036
T96060013328	GO:0003382
T96060001223	GO:0043687
T96060007870	GO:0071228
T96060010935	GO:0050713
T96060010935	GO:1900016
T96060010935	GO:0071222
T96060010935	GO:0071347
T96060010935	GO:1905246
T96060010935	GO:0010955
T96060001211	GO:0043687
T96060001217	GO:0043687
T96060001215	GO:0043687
T96060001212	GO:0016567
T96060001212	GO:0043687
T96060005293	GO:0045026
T96060005272	GO:0045026
T96060018209	GO:0038111
T96060006843	GO:0006541
T96060008355	GO:0042149
T96060008355	GO:1904262
T96060008355	GO:0034198
T96060011601	GO:0006511
T96060018291	GO:0007346
T96060019928	GO:1900116
T96060019928	GO:1903507
T96060005169	GO:0045892
T96060005169	GO:0045662
T96060010696	GO:0006661
T96060017658	GO:0032981
T96060010824	GO:0032465
T96060010824	GO:0090140
T96060007061	GO:0032480
T96060007061	GO:0039536
T96060007061	GO:0045893
T96060014133	GO:0045944
T96060017688	GO:0042147
T96060001132	GO:1903292
T96060001829	GO:0043687
T96060005705	GO:0071392
T96060005705	GO:0045648
T96060008715	GO:0043687
T96060019755	GO:0045892
T96060006047	GO:0030890
T96060006047	GO:0050859
T96060006047	GO:0043410
T96060006047	GO:0034163
T96060006047	GO:0050864
T96060006047	GO:0090279
T96060006047	GO:0045577
T96060006047	GO:0002638
T96060002166	GO:0005975
T96060008904	GO:0043687
T96060016381	GO:0016259
T96060001867	GO:0014819
T96060001867	GO:0048593
T96060001867	GO:0050890
T96060001867	GO:0036343
T96060001867	GO:0009791
T96060001867	GO:0021540
T96060001867	GO:0021678
T96060011185	GO:0043687
T96060009225	GO:1902416
T96060008298	GO:0044281
T96060006137	GO:0032091
T96060006137	GO:0045919
T96060006137	GO:0030449
T96060014756	GO:0007032
T96060014756	GO:0070979
T96060014756	GO:0050687
T96060014756	GO:0016567
T96060014756	GO:0032479
T96060014756	GO:1905719
T96060004326	GO:0050829
T96060004326	GO:0061844
T96060013415	GO:0042476
T96060008293	GO:0000122
T96060000430	GO:0030198
T96060003990	GO:0050829
T96060003990	GO:0031640
T96060001440	GO:2000854
T96060001440	GO:0007218
T96060001440	GO:0051461
T96060001440	GO:0051466
T96060001440	GO:0030103
T96060003555	GO:0045893
T96060008058	GO:0051291
T96060008058	GO:0000122
T96060005363	GO:0097176
T96060006222	GO:0071559
T96060001226	GO:0043687
T96060017513	GO:0060136
T96060014778	GO:0006508
T96060003886	GO:0038111
T96060005281	GO:0045026
T96060008873	GO:0043687
T96060001318	GO:0032981
T96060001643	GO:0042127
T96060001643	GO:0007059
T96060001643	GO:0030334
T96060001643	GO:1904428
T96060004779	GO:0006260
T96060004779	GO:0048478
T96060004779	GO:0000077
T96060004779	GO:0007095
T96060019120	GO:0043687
T96060007177	GO:0090263
T96060007177	GO:0008631
T96060008400	GO:0043410
T96060008400	GO:1903589
T96060008400	GO:1900748
T96060008400	GO:0090050
T96060007414	GO:0030071
T96060006504	GO:0050829
T96060006504	GO:0035821
T96060006504	GO:0061844
T96060013608	GO:0046487
T96060013608	GO:0006562
T96060000625	GO:0030860
T96060000625	GO:0001953
T96060000625	GO:0061045
T96060005294	GO:0045026
T96060014523	GO:0008652
T96060006268	GO:0045944
T96060015290	GO:1904659
T96060001131	GO:1903292
T992870000225	GO:0045893
T992870000466	GO:0045893
T992870001023	GO:0006355
T992870001023	GO:0045893
T992870001259	GO:0045893
T992870001087	GO:0045892
T992870000685	GO:0045893
T100900011593	GO:0005886
T100900016430	GO:0005737
T100900005563	GO:0005615
T100900011964	GO:0030141
T100900011964	GO:0044216
T100900000760	GO:0005829
T100900006666	GO:0005737
T100900006666	GO:0005576
T100900006666	GO:0005886
T100900007552	GO:0005829
T100900012185	GO:0005971
T100900006761	GO:0042405
T100900006761	GO:0005730
T100900012187	GO:0005971
T100900012187	GO:0005829
T100900007314	GO:0005829
T100900004518	GO:0005886
T100900006602	GO:0090575
T100900005990	GO:0005887
T100900010989	GO:0005737
T100900010989	GO:0005634
T100900010989	GO:0045202
T100900004497	GO:0005886
T100900000490	GO:0017101
T100900015780	GO:0005622
T100900006086	GO:0005634
T100900006086	GO:0009986
T100900006086	GO:0031982
T100900004305	GO:0005886
T100900000026	GO:0005923
T100900013340	GO:0019005
T100900003512	GO:0005923
T100900008024	GO:0106003
T100900009692	GO:0005654
T100900011990	GO:0005811
T100900004496	GO:0009986
T100900009104	GO:0005654
T100900001927	GO:0005829
T100900010472	GO:0005737
T100900015446	GO:0005765
T100900015446	GO:0005783
T100900015446	GO:0010008
T100900008679	GO:0005634
T100900009017	GO:0030027
T100900013434	GO:0030672
T100900013434	GO:0097228
T100900013434	GO:0031966
T100900013434	GO:0005886
T100900013434	GO:0016323
T100900013434	GO:0010008
T100900012368	GO:0014069
T100900014556	GO:0090575
T100900008394	GO:0090575
T100900005225	GO:0005634
T100900013285	GO:0005769
T100900016676	GO:0005654
T100900004863	GO:0032420
T100900008393	GO:0090575
T100900003260	GO:0016324
T100900003192	GO:0005654
T100900003192	GO:0005829
T100900003192	GO:0005789
T100900003192	GO:0000139
T100900003995	GO:0043197
T100900016336	GO:0005829
T100900003949	GO:0005737
T100900003949	GO:0005813
T100900009117	GO:0005634
T100900000836	GO:0005829
T100900001926	GO:0005829
T100900014388	GO:0005829
T100900002976	GO:0005768
T100900013258	GO:0005783
T100900014472	GO:0005829
T100900014472	GO:0016020
T100900008777	GO:1990026
T100900006627	GO:0005783
T100900006627	GO:0031410
T100900006627	GO:0097225
T100900006627	GO:0002080
T100900006627	GO:0001669
T100900006627	GO:0005769
T100900015603	GO:0005829
T100900014633	GO:0005815
T100900015266	GO:0005829
T100900014895	GO:0035869
T100900014682	GO:0036128
T100900014682	GO:0097228
T100900001359	GO:0005813
T100900001359	GO:0097431
T100900009630	GO:0031428
T100900003194	GO:0005654
T100900003194	GO:0005829
T100900003194	GO:0005783
T100900003194	GO:0000139
T100900011196	GO:0005829
T100900011196	GO:0042383
T100900011979	GO:0005829
T100900003800	GO:0014069
T100900012162	GO:0060077
T100900008671	GO:0001725
T100900005087	GO:0005829
T100900011362	GO:0031362
T100900003899	GO:0001669
T100900011045	GO:0005802
T100900011045	GO:0031012
T100900007498	GO:0005654
T100900008988	GO:0032590
T100900008988	GO:0043197
T100900008988	GO:0043198
T100900012429	GO:0043679
T100900010339	GO:0000159
T100900008273	GO:0043234
T100900008273	GO:0009897
T100900009153	GO:0005829
T101160005213	GO:0005829
T101160006718	GO:0097413
T101160005202	GO:0005737
T101160005202	GO:0005615
T101160001828	GO:0030426
T101160001828	GO:0030424
T101160002114	GO:0005887
T101160006593	GO:0008021
T101160006593	GO:0005634
T101160006593	GO:0016020
T101160006593	GO:0030672
T101160006593	GO:0005739
T101160006218	GO:0016324
T101160006218	GO:0031528
T101160004917	GO:0005737
T101160004917	GO:0005634
T101160004917	GO:0043025
T101160007335	GO:0015629
T101160003196	GO:0045121
T101160003752	GO:1902912
T101160001752	GO:0005921
T101160002454	GO:0009986
T101160005143	GO:0001725
T101160005143	GO:0015629
T101160005143	GO:0043197
T101160005143	GO:0045211
T101160005143	GO:0034777
T101160005143	GO:0031905
T101160002086	GO:0005737
T101160002086	GO:0030424
T101160002086	GO:0005635
T101160002086	GO:0043025
T101160002086	GO:0002177
T101160005211	GO:0005737
T101160005211	GO:0030018
T101160004030	GO:0005634
T101160004032	GO:0005634
T101160003679	GO:0030425
T101160005214	GO:0106003
T101160005214	GO:0044297
T101160005214	GO:0014069
T101160005214	GO:0045202
T101160005214	GO:0043005
T101160005214	GO:0043025
T101160000296	GO:0017101
T101160003432	GO:0005829
T101160003432	GO:0043025
T101160003432	GO:0030424
T101160001812	GO:0005737
T101160001812	GO:0043025
T101160001812	GO:0030426
T101160001812	GO:0005739
T101160001812	GO:0030424
T101160004056	GO:0005794
T101160004056	GO:0099503
T101160004056	GO:0043005
T101160004056	GO:0030425
T101160004056	GO:0030424
T101160005651	GO:0030285
T101160005651	GO:0099061
T101160000105	GO:0005811
T101160006139	GO:0009986
T101160006139	GO:0045121
T101160004422	GO:0030027
T101160001813	GO:0005764
T101160001813	GO:0005813
T101160001813	GO:0005770
T101160001813	GO:0000776
T101160001002	GO:0009986
T101160001002	GO:0005615
T101160001002	GO:0099738
T101160001002	GO:0030426
T101160006145	GO:0005634
T1604880000519	GO:0032993
T1604880000229	GO:0032993
T2243080000399	GO:0043234
T2243080000399	GO:0032993
T2243080000239	GO:0032993
T2243080000293	GO:0032993
T2243080000654	GO:0032993
T2432320000527	GO:0005732
T2848120002395	GO:0000790
T2848120000578	GO:0002144
T2848120000611	GO:0005737
T2848120002406	GO:0000790
T37020000270	GO:0005634
T37020002096	GO:0005634
T37020010394	GO:0009508
T37020010394	GO:0009570
T37020010394	GO:0005829
T37020010394	GO:0009295
T37020010394	GO:0009507
T37020003952	GO:0005886
T37020006852	GO:0048046
T37020006852	GO:0005829
T37020002644	GO:0005634
T37020002980	GO:0005634
T37020002980	GO:0005730
T37020001764	GO:0005634
T37020007394	GO:0005737
T37020007394	GO:0005634
T37020012822	GO:0005634
T37020006390	GO:0042644
T37020006390	GO:0000427
T37020006390	GO:0101031
T37020011333	GO:0005886
T37020000009	GO:0005737
T37020000009	GO:0005618
T37020000009	GO:0005634
T37020000009	GO:0005886
T37020000009	GO:0005829
T37020000009	GO:0009507
T37020014618	GO:0009941
T37020014618	GO:0016020
T37020014618	GO:0009507
T37020006153	GO:0030875
T37020006153	GO:0005634
T37020006153	GO:0005730
T37020006152	GO:0010369
T37020010313	GO:0009535
T37020010313	GO:0009534
T37020010313	GO:0010287
T37020010313	GO:0016020
T37020010313	GO:0009579
T37020010313	GO:0009507
T37020002978	GO:0005634
T37020002978	GO:0005956
T37020002978	GO:0005730
T37020009865	GO:0009507
T37020008022	GO:0031965
T37020003688	GO:0005634
T37020014706	GO:0005634
T37020014707	GO:0005634
T37020002790	GO:0005737
T37020002790	GO:0005634
T37020008387	GO:0005739
T37020008387	GO:0009507
T37020002641	GO:0005634
T37020012201	GO:0009507
T37020007801	GO:0005739
T37020002642	GO:0005634
T37020006785	GO:0005634
T37020003244	GO:0005737
T37020003244	GO:0000932
T37020011979	GO:0090568
T37020005525	GO:0005737
T37020006211	GO:0005737
T37020006211	GO:0005634
T37020001695	GO:0005634
T37020013284	GO:0005783
T37020012294	GO:0009707
T37020007822	GO:0005739
T37020014543	GO:0005737
T37020008912	GO:0005634
T37020006803	GO:0005794
T37020006803	GO:0005635
T37020006803	GO:0005768
T37020006803	GO:0005886
T37020006803	GO:0005802
T37020012011	GO:0005829
T37020012011	GO:0070062
T37020005827	GO:0005829
T37020005827	GO:0005747
T37020005827	GO:0005739
T37020005479	GO:0005794
T37020005479	GO:0005739
T37020005479	GO:0005774
T37020000824	GO:0005794
T37020006359	GO:0048046
T37020006359	GO:0005777
T37020006359	GO:0009507
T37020008434	GO:0005737
T37020008434	GO:0005634
T37020008434	GO:0005829
T37020009756	GO:0005739
T37020012620	GO:0005886
T37020005978	GO:0048226
T37020009997	GO:0009507
T37020009532	GO:0048046
T37020007223	GO:0005886
T37020003241	GO:0005634
T37020003241	GO:0005730
T37020003859	GO:0005654
T37020008765	GO:0005886
T37020011429	GO:0005886
T37020008012	GO:0005634
T37020012384	GO:0005654
T37020012384	GO:0016607
T37020012384	GO:0005730
T37020012392	GO:0016607
T37020012392	GO:0035061
T37020012392	GO:0005886
T37020012392	GO:0005730
T37020000767	GO:0005789
T37020008833	GO:0005773
T37020012621	GO:0005886
T37020006649	GO:0005634
T37020005911	GO:0009507
T446890001226	GO:0005886
T446890002955	GO:0016021
T446890002956	GO:0016021
T446890002612	GO:0005776
T446890001300	GO:0005737
T446890001110	GO:0005783
T446890001110	GO:0043231
T5592920001890	GO:0043234
T5592920002184	GO:0005777
T5592920002341	GO:0005737
T5592920004871	GO:0005737
T5592920003195	GO:0005759
T5592920003195	GO:0099616
T5592920003843	GO:0005739
T5592920002807	GO:0005886
T72270000728	GO:0000792
T72270000728	GO:0000792
T72270000728	GO:0000792
T72270006482	GO:0030285
T72270011604	GO:0005789
T72270006739	GO:0098793
T72270000728	GO:0000792
T72270000058	GO:0044295
T72270001722	GO:0005776
T72270002373	GO:0005634
T72270007253	GO:0005783
T72270005822	GO:0005887
T72270006044	GO:0031416
T72270005016	GO:0016021
T72270010186	GO:0098592
T72270001256	GO:0005654
T72270013666	GO:0005654
T72270001975	GO:0005576
T72270010737	GO:0045277
T72270012597	GO:0005759
T72270007445	GO:0042600
T72270007804	GO:0005829
T72270007804	GO:0005886
T72270002102	GO:0030018
T72270013026	GO:0005848
T72270000130	GO:0090740
T72270008585	GO:0005829
T72270009719	GO:0005634
T72270010672	GO:0005737
T72270010672	GO:0005634
T72270001559	GO:0016021
T72270003618	GO:0005634
T72270003616	GO:0005634
T72270008579	GO:0005829
T72270010903	GO:0005829
T72270010903	GO:0005886
T72270009986	GO:0044295
T72270005805	GO:0005829
T72270012265	GO:0005634
T72270005754	GO:0005829
T72270010623	GO:0005829
T72270000728	GO:0000792
T72270004137	GO:0005576
T72270002815	GO:1990391
T72270008044	GO:0005634
T72270008044	GO:0005829
T72270008044	GO:0005739
T72270000728	GO:0000792
T72270007186	GO:0005829
T72270000728	GO:0000792
T72270005691	GO:0005654
T72270005691	GO:0005829
T72270006464	GO:0005829
T72270001959	GO:0005847
T72270006455	GO:0005654
T72270012548	GO:0005829
T72270005327	GO:0032592
T72270009066	GO:0005847
T72270009114	GO:0005848
T72270009104	GO:0000792
T72270002775	GO:0005737
T72270001431	GO:0000126
T72270007275	GO:0005783
T72270003978	GO:0005654
T72270003978	GO:0005829
T72270010009	GO:0005886
T72270010518	GO:0005886
T72270012844	GO:0005887
T72270011498	GO:0099501
T72270011498	GO:0005887
T72270002246	GO:0005576
T72270000363	GO:0005576
T72270004138	GO:0005576
T72270006692	GO:1990391
T72270002373	GO:0005634
T72270004624	GO:0043025
T72270004624	GO:0030424
T72270013411	GO:0005930
T72270010615	GO:0005829
T72270008676	GO:0000178
T72270001834	GO:1990047
T72270001834	GO:0005634
T72270001834	GO:0005705
T72270001834	GO:0005703
T72270004311	GO:0005829
T72270001659	GO:0005615
T72270001444	GO:0005829
T72270004133	GO:0005576
T72270008784	GO:0005829
T72270008368	GO:0005829
T72270001853	GO:0005654
T72270001853	GO:0005829
T79550002685	GO:0005887
T79550002032	GO:0097519
T79550002915	GO:0005634
T79550002915	GO:0000785
T79550002902	GO:0005783
T79550002935	GO:0005634
T79550001417	GO:0005737
T79550001417	GO:0005634
T833330002257	GO:0043190
T833330000297	GO:0016021
T833330000285	GO:0017053
T833330001836	GO:0032993
T833330001694	GO:0032993
T833330000457	GO:0032993
T833330001486	GO:0016020
T833330001913	GO:0032993
T833330004430	GO:0030288
T833330000669	GO:0030288
T833330004434	GO:0032993
T833330001579	GO:0043234
T833330001579	GO:0032993
T833330001979	GO:0032993
T833330002533	GO:0032993
T833330001670	GO:0030288
T833330001587	GO:0043234
T833330001128	GO:0030288
T833330001680	GO:0030288
T833330002118	GO:0030288
T833330002929	GO:0009355
T833330002145	GO:0030288
T833330001679	GO:0030288
T833330002297	GO:0032993
T833330002296	GO:0032993
T833330001470	GO:0032993
T833330001566	GO:0032993
T833330002440	GO:0030288
T833330001156	GO:0032993
T833330000307	GO:0005886
T833330001648	GO:0046658
T833330001648	GO:0055052
T833330001647	GO:0055052
T833330003034	GO:0009289
T833330002080	GO:0043190
T833330002325	GO:0043234
T833330003043	GO:0009289
T833330001678	GO:0009279
T833330001678	GO:0030288
T833330003830	GO:0005829
T833330002880	GO:1990228
T833330002882	GO:1990228
T833330000437	GO:0032993
T833330002246	GO:0005737
T833330001671	GO:0043234
T833330001671	GO:0030288
T833330001671	GO:0005887
T833330001671	GO:0005886
T833330002074	GO:0043190
T833330002074	GO:0005886
T833330003062	GO:0032993
T833330000586	GO:0032993
T83550000817	GO:0005829
T83550000185	GO:0098826
T859620000286	GO:0032993
T96060008321	GO:0005829
T96060013745	GO:0032154
T96060013745	GO:0032587
T96060006653	GO:0005615
T96060009857	GO:0005737
T96060009857	GO:0097431
T96060002407	GO:0005654
T96060002407	GO:0005829
T96060017707	GO:0005783
T96060017919	GO:0005737
T96060017919	GO:0005634
T96060006614	GO:0005634
T96060002796	GO:0005634
T96060003309	GO:0005886
T96060008356	GO:0005886
T96060001711	GO:0005788
T96060010034	GO:0043209
T96060010034	GO:0043234
T96060010034	GO:0005622
T96060015468	GO:0005788
T96060007546	GO:0005737
T96060007546	GO:0005634
T96060007546	GO:0005615
T96060012467	GO:0005576
T96060010773	GO:0005654
T96060018185	GO:0031012
T96060001777	GO:0005654
T96060014219	GO:0005654
T96060008274	GO:0005829
T96060018333	GO:0005829
T96060012783	GO:0005737
T96060012783	GO:0001725
T96060012783	GO:0031941
T96060012783	GO:0030027
T96060012783	GO:0005634
T96060012783	GO:0005856
T96060012783	GO:0048471
T96060001699	GO:0005829
T96060017419	GO:0005829
T96060006643	GO:0031012
T96060010666	GO:0043234
T96060017186	GO:0043234
T96060009431	GO:0032998
T96060009431	GO:0005887
T96060007621	GO:0005737
T96060004307	GO:0043234
T96060004307	GO:0005622
T96060001004	GO:0005615
T96060016601	GO:0005654
T96060016601	GO:0005829
T96060015794	GO:0005654
T96060020125	GO:0005737
T96060020125	GO:0005634
T96060011917	GO:0090575
T96060000745	GO:0005886
T96060009397	GO:0000932
T96060019045	GO:0005794
T96060019045	GO:0000421
T96060019045	GO:0005829
T96060019045	GO:0005739
T96060019045	GO:0005789
T96060019045	GO:0005765
T96060019045	GO:0031313
T96060019045	GO:0031902
T96060019045	GO:0031901
T96060010749	GO:0005901
T96060010749	GO:0005886
T96060005846	GO:0016607
T96060017606	GO:0031616
T96060017606	GO:0005635
T96060017606	GO:0032541
T96060017606	GO:0005639
T96060003084	GO:0031616
T96060003084	GO:0072686
T96060003084	GO:0000776
T96060010650	GO:0043234
T96060010650	GO:0005634
T96060004161	GO:0005657
T96060012915	GO:0005829
T96060016384	GO:0005829
T96060000764	GO:0005788
T96060003263	GO:0005886
T96060020130	GO:0055037
T96060020130	GO:0005769
T96060020130	GO:0005886
T96060015257	GO:0005886
T96060018327	GO:0005829
T96060018317	GO:0005829
T96060017806	GO:0005783
T96060019147	GO:0001725
T96060019147	GO:0031941
T96060019147	GO:0005925
T96060013575	GO:0005829
T96060011126	GO:0005886
T96060006323	GO:0005912
T96060019358	GO:0005829
T96060008443	GO:0005737
T96060008443	GO:0005634
T96060008443	GO:0005681
T96060008299	GO:0005759
T96060008572	GO:0005829
T96060009216	GO:0005769
T96060009216	GO:0005764
T96060009216	GO:0005765
T96060009216	GO:0005886
T96060009216	GO:0097487
T96060009216	GO:0042995
T96060009216	GO:0005768
T96060009216	GO:0031902
T96060009216	GO:0032585
T96060010194	GO:0005634
T96060007054	GO:0043234
T96060007054	GO:0000139
T96060007054	GO:0005789
T96060007054	GO:0005938
T96060007054	GO:0005886
T96060011671	GO:0005868
T96060009429	GO:0005887
T96060019057	GO:0005654
T96060008714	GO:0005829
T96060010474	GO:0005737
T96060010474	GO:0032433
T96060016724	GO:0005637
T96060013932	GO:0030017
T96060013932	GO:0005634
T96060009184	GO:0005739
T96060009184	GO:0031966
T96060017154	GO:0031021
T96060017154	GO:0005813
T96060017154	GO:0000922
T96060017154	GO:0097546
T96060017154	GO:0005868
T96060017154	GO:0005930
T96060001213	GO:0005829
T96060006136	GO:0005576
T96060005541	GO:0005789
T96060013579	GO:0031012
T96060018504	GO:0005829
T96060016385	GO:0005829
T96060014712	GO:0005783
T96060001227	GO:0005829
T96060002325	GO:0120103
T96060002325	GO:0005814
T96060010152	GO:0005886
T96060010152	GO:0001891
T96060009447	GO:0005829
T96060012927	GO:0043234
T96060013905	GO:0005634
T96060001216	GO:0005829
T96060015949	GO:0005886
T96060001220	GO:0005829
T96060001220	GO:0000151
T96060010697	GO:0005829
T96060013535	GO:0043234
T96060016383	GO:0005829
T96060015550	GO:0005634
T96060006060	GO:0005829
T96060004420	GO:0005654
T96060004420	GO:0080008
T96060009499	GO:0005829
T96060002798	GO:0005634
T96060010700	GO:0005829
T96060010418	GO:0031012
T96060002434	GO:0120103
T96060002434	GO:0005814
T96060001225	GO:0005829
T96060004414	GO:0005634
T96060004414	GO:0005829
T96060004414	GO:0005739
T96060008288	GO:0005886
T96060000732	GO:0005788
T96060011234	GO:0005829
T96060011449	GO:0005886
T96060004306	GO:0043234
T96060004306	GO:0005622
T96060005274	GO:0005788
T96060005862	GO:0043234
T96060001224	GO:0005829
T96060018614	GO:0005829
T96060001957	GO:0005737
T96060001957	GO:0005634
T96060017793	GO:0005865
T96060007855	GO:0005576
T96060007456	GO:0005634
T96060010363	GO:0005829
T96060015793	GO:0005829
T96060009279	GO:0005654
T96060013048	GO:0005886
T96060014167	GO:0005737
T96060014167	GO:0036064
T96060014167	GO:0000242
T96060014167	GO:0005814
T96060002491	GO:0005615
T96060009590	GO:0005737
T96060001740	GO:0005739
T96060000107	GO:0005829
T96060000107	GO:0000145
T96060000107	GO:0030027
T96060000107	GO:0005634
T96060000107	GO:0031252
T96060000107	GO:0005912
T96060000107	GO:0005923
T96060000107	GO:0001891
T96060018323	GO:0005829
T96060000746	GO:0005634
T96060001221	GO:0005829
T96060014202	GO:0005654
T96060014202	GO:0005634
T96060014202	GO:0005730
T96060010007	GO:0005737
T96060010007	GO:0005634
T96060011649	GO:0005829
T96060008864	GO:0000790
T96060017574	GO:0031966
T96060017574	GO:0005789
T100900000995	GO:1903561
T100900000995	GO:0005886
T100900014443	GO:0005886
T100900004021	GO:0005615
T100900008077	GO:0005737
T100900002597	GO:0005829
T100900000782	GO:0030122
T100900012551	GO:0005622
T100900001745	GO:0098686
T100900001745	GO:0030425
T100900001745	GO:0030424
T100900016232	GO:0005737
T100900016795	GO:0005829
T100900010555	GO:0000805
T100900010555	GO:0031519
T100900013510	GO:0005737
T100900004593	GO:0032426
T100900004888	GO:0036064
T100900011485	GO:0098999
T100900011485	GO:0014069
T100900011485	GO:0043197
T100900016257	GO:0005739
T100900013200	GO:0016593
T100900013200	GO:0005634
T100900009547	GO:0005576
T100900015267	GO:0005829
T100900008947	GO:0032426
T100900000115	GO:0014069
T100900000115	GO:0055038
T100900000115	GO:0005886
T100900015398	GO:0043194
T100900015398	GO:1990769
T100900003310	GO:0005886
T100900000167	GO:0005737
T100900000167	GO:0032839
T100900016292	GO:0000407
T100900016292	GO:0005776
T100900005814	GO:0005886
T100900014234	GO:0016604
T100900002008	GO:0036126
T100900002008	GO:0002177
T100900002001	GO:0005737
T100900007455	GO:0005886
T100900014896	GO:0030424
T100900014896	GO:0014069
T100900014896	GO:0005769
T100900014896	GO:0036477
T100900014896	GO:0010008
T100900014230	GO:0017101
T100900010554	GO:0000805
T100900010554	GO:0031519
T100900014226	GO:0017101
T100900016693	GO:0032039
T100900013433	GO:0097228
T100900005806	GO:0060170
T100900014318	GO:0005886
T100900012926	GO:0005737
T100900012926	GO:0005634
T100900010359	GO:1902494
T100900008531	GO:0000139
T100900008270	GO:0009897
T100900008271	GO:0043234
T100900008271	GO:0009897
T100900012999	GO:1902494
T100900004026	GO:0005769
T100900006885	GO:0005886
T100900008553	GO:0055037
T100900010552	GO:0005634
T100900010552	GO:0031519
T100900016172	GO:0005576
T100900015525	GO:0009986
T100900000116	GO:0014069
T100900004293	GO:0060170
T100900004293	GO:0098797
T100900004293	GO:0019898
T100900000453	GO:0005886
T100900008139	GO:0005829
T100900016432	GO:0005737
T100900013668	GO:0005829
T100900014212	GO:0017101
T100900004582	GO:0032421
T100900004582	GO:0032426
T100900002294	GO:0005737
T100900002294	GO:0005634
T100900002294	GO:0005874
T100900006104	GO:0000788
T100900002635	GO:0005929
T100900012668	GO:0005737
T100900009646	GO:0005829
T100900001401	GO:0005737
T100900012364	GO:0005615
T100900012364	GO:0005622
T100900008758	GO:0005795
T100900008758	GO:0016020
T100900008758	GO:0005783
T100900008758	GO:0005793
T100900012936	GO:0045179
T100900008325	GO:0036126
T100900008325	GO:0001669
T100900008325	GO:0005615
T100900008327	GO:0097225
T100900014263	GO:0005739
T100900005553	GO:0016020
T100900011043	GO:1902494
T100900015687	GO:0005829
T100900002325	GO:0005634
T100900002325	GO:0005694
T100900008300	GO:0005737
T100900008300	GO:0005795
T100900011024	GO:0016020
T100900011024	GO:0005886
T100900008272	GO:0043234
T100900008272	GO:0009897
T101160004398	GO:0005901
T101160004398	GO:0005886
T101160003080	GO:0005634
T101160005553	GO:0043005
T101160000669	GO:0005615
T101160000442	GO:0030124
T101160000442	GO:0030662
T101160002839	GO:0031201
T101160006857	GO:0043234
T101160006857	GO:0005615
T101160001427	GO:0043025
T101160001427	GO:0030425
T101160003016	GO:0000788
T101160003016	GO:0000785
T101160007333	GO:0015629
T101160007839	GO:0005654
T101160007839	GO:0005829
T101160005061	GO:0005634
T101160005061	GO:0005739
T101160004171	GO:0008021
T101160004171	GO:0030672
T101160004171	GO:0031966
T101160001722	GO:0005829
T101160000079	GO:0014069
T101160000079	GO:0055038
T101160000079	GO:0005886
T101160004836	GO:0048786
T101160006340	GO:1902494
T101160007006	GO:0045121
T101160007005	GO:0045121
T101160005371	GO:0005739
T101160001765	GO:1990769
T101160001765	GO:0033270
T101160001765	GO:0043025
T101160001765	GO:0043204
T101160001765	GO:0005921
T101160007175	GO:0005615
T101160004173	GO:0005743
T101160004173	GO:0005741
T101160006232	GO:0005794
T101160004342	GO:0005743
T1604880000257	GO:0032993
T1604880000286	GO:0032993
T1604880000287	GO:0032993
T1604880000226	GO:0032993
T2243080000369	GO:0032993
T2243080003824	GO:0032993
T2243080003054	GO:0032993
T2243080001591	GO:0030677
T2243080000946	GO:0032993
T2243080000411	GO:0043234
T2243080000411	GO:0032993
T2243080004185	GO:0032993
T2243080001309	GO:0032993
T2375610006146	GO:0005634
T2375610006146	GO:0005739
T2375610005104	GO:0000124
T2375610004199	GO:0005669
T2375610010480	GO:0005802
T2432320000261	GO:0043234
T2432320000224	GO:1902494
T2432730000066	GO:0005737
T2432730000066	GO:0009986
T2848120004308	GO:0030176
T2848120001621	GO:0005634
T2848120000791	GO:0005886
T2848120003901	GO:0005759
T2848120003901	GO:0005739
T2848120004952	GO:0000790
T2848120004952	GO:1904834
T2848120005008	GO:0000790
T2848120003988	GO:0031966
T37020008508	GO:0005829
T37020008508	GO:0005635
T37020008508	GO:0009507
T37020008508	GO:0009506
T37020008508	GO:0005730
T37020011401	GO:0005737
T37020014217	GO:0016020
T37020014217	GO:0005886
T37020014565	GO:0005886
T37020014340	GO:0009506
T37020014340	GO:0005886
T37020010209	GO:0016324
T37020010209	GO:0045177
T37020002797	GO:0009570
T37020002797	GO:0005829
T37020002797	GO:0016020
T37020002797	GO:0005739
T37020002797	GO:0009507
T37020002377	GO:0005634
T37020007588	GO:0005739
T37020008396	GO:0005739
T37020000768	GO:0005774
T37020006518	GO:0005634
T37020011367	GO:0009507
T37020000921	GO:0005885
T37020008505	GO:0005635
T37020003081	GO:0016020
T37020011818	GO:0070062
T37020011818	GO:0000145
T37020011818	GO:0005829
T37020011818	GO:0016020
T37020011818	GO:0005886
T37020011818	GO:0009506
T37020007747	GO:0005694
T37020003273	GO:0005829
T37020003273	GO:0009506
T37020012479	GO:0005886
T37020001637	GO:0009507
T37020001690	GO:0005634
T37020011406	GO:0005634
T37020011406	GO:0005829
T37020002384	GO:0009506
T37020006245	GO:0016607
T37020012699	GO:0009570
T37020012699	GO:0009507
T37020005875	GO:0005635
T37020005875	GO:0005783
T37020007636	GO:0005634
T37020010863	GO:0009535
T37020010863	GO:0009941
T37020010863	GO:0022626
T37020010863	GO:0005618
T37020010863	GO:0009570
T37020010863	GO:0010287
T37020010863	GO:0016020
T37020010863	GO:0048046
T37020010863	GO:0009579
T37020010863	GO:0009507
T37020012033	GO:0009570
T37020012033	GO:0005634
T37020012033	GO:0005829
T37020012033	GO:0009507
T37020000025	GO:0005737
T37020000025	GO:0005634
T37020000026	GO:0005737
T37020000026	GO:0005634
T37020013326	GO:0048046
T37020013327	GO:0048046
T37020006242	GO:0055035
T37020005874	GO:0005773
T37020005874	GO:0005794
T37020005874	GO:0005829
T37020005874	GO:0005802
T37020005874	GO:0005768
T37020013449	GO:0005829
T37020008638	GO:0009506
T37020008638	GO:0005886
T37020010329	GO:0009535
T37020010329	GO:0009534
T37020010329	GO:0009570
T37020010329	GO:0031977
T37020010329	GO:0009543
T37020010329	GO:0009579
T37020010329	GO:0009507
T37020009877	GO:0016020
T37020009877	GO:0009536
T37020009877	GO:0005739
T37020013717	GO:0005829
T37020008079	GO:0005634
T37020008079	GO:0005886
T37020005917	GO:0005737
T37020005917	GO:0005634
T37020011941	GO:0005829
T37020001270	GO:0009535
T37020001270	GO:0009534
T37020001270	GO:0009941
T37020001270	GO:0009579
T37020001270	GO:0009507
T37020002359	GO:0005773
T37020002359	GO:0005829
T37020002359	GO:0005774
T37020001268	GO:0009579
T37020001268	GO:0009534
T37020001268	GO:0009535
T37020001268	GO:0005618
T37020001268	GO:0009570
T37020001268	GO:0010287
T37020001268	GO:0016020
T37020001268	GO:0031977
T37020001268	GO:0010319
T37020001268	GO:0009507
T37020008496	GO:0009535
T37020008496	GO:0009534
T37020008496	GO:0009507
T37020010379	GO:0009507
T37020002982	GO:0005634
T37020002982	GO:0005829
T37020001416	GO:0005737
T37020001416	GO:0009535
T37020001416	GO:0009941
T37020001416	GO:0009570
T37020001416	GO:0005829
T37020001416	GO:0048046
T37020001416	GO:0009507
T37020010164	GO:0005634
T37020010164	GO:0005829
T37020011435	GO:0009295
T37020011435	GO:0009507
T37020008493	GO:0009507
T37020008501	GO:0009507
T37020008187	GO:0009535
T37020008187	GO:0009534
T37020008187	GO:0009570
T37020008187	GO:0009507
T37020008189	GO:0009507
T37020008188	GO:0009535
T37020008188	GO:0009507
T37020008190	GO:0009507
T37020001264	GO:0009535
T37020001264	GO:0009534
T37020001264	GO:0010287
T37020001264	GO:0016020
T37020001264	GO:0031977
T37020001264	GO:0005739
T37020001264	GO:0009579
T37020001264	GO:0010319
T37020001264	GO:0009507
T37020001276	GO:0009535
T37020001276	GO:0009534
T37020001276	GO:0009507
T37020001271	GO:0009535
T37020001271	GO:0009534
T37020001271	GO:0009579
T37020001271	GO:0009507
T37020001275	GO:0009535
T37020001275	GO:0009534
T37020010316	GO:0009535
T37020010316	GO:0009534
T37020010316	GO:0010287
T37020010316	GO:0016020
T37020010316	GO:0009579
T37020010316	GO:0009507
T37020011434	GO:0009570
T37020011434	GO:0009534
T37020011434	GO:0009295
T37020011434	GO:0009507
T37020011436	GO:0009295
T37020011436	GO:0009507
T37020011437	GO:0009570
T37020011437	GO:0009295
T37020011437	GO:0009507
T37020010283	GO:0009535
T37020010283	GO:0009534
T37020010283	GO:0009941
T37020010283	GO:0010287
T37020010283	GO:0016020
T37020010283	GO:0009579
T37020010283	GO:0009507
T37020010284	GO:0009535
T37020010284	GO:0009534
T37020010284	GO:0009941
T37020010284	GO:0010287
T37020010284	GO:0016020
T37020010284	GO:0009579
T37020010284	GO:0009507
T37020010295	GO:0009535
T37020003170	GO:0009535
T37020003170	GO:0009534
T37020003170	GO:0016020
T37020003170	GO:0009579
T37020003170	GO:0009512
T37020003170	GO:0009507
T37020003162	GO:0009535
T37020003162	GO:0009534
T37020003162	GO:0016020
T37020003162	GO:0009579
T37020003162	GO:0009507
T37020009127	GO:0009535
T37020009127	GO:0009534
T37020009127	GO:0009579
T37020009127	GO:0009507
T37020010314	GO:0009535
T37020010314	GO:0009534
T37020010314	GO:0010287
T37020010314	GO:0016020
T37020010314	GO:0009579
T37020010314	GO:0009507
T37020010315	GO:0009535
T37020010315	GO:0009534
T37020010315	GO:0009533
T37020010315	GO:0010287
T37020010315	GO:0016020
T37020010315	GO:0009539
T37020010315	GO:0009579
T37020010315	GO:0009507
T37020010319	GO:0009535
T37020010319	GO:0009534
T37020010319	GO:0016020
T37020010319	GO:0009579
T37020010319	GO:0009654
T37020010319	GO:0009507
T37020014620	GO:0009507
T37020010337	GO:0009535
T37020011171	GO:0009570
T37020011171	GO:0009941
T37020011171	GO:0016020
T37020011171	GO:0009507
T37020011155	GO:0009570
T37020011155	GO:0009534
T37020011155	GO:0009507
T37020011157	GO:0009570
T37020011157	GO:0009941
T37020011157	GO:0009507
T37020011163	GO:0009570
T37020011163	GO:0009941
T37020011163	GO:0009507
T37020011165	GO:0009570
T37020011165	GO:0009941
T37020011165	GO:0009507
T37020011174	GO:0009507
T37020011476	GO:0009570
T37020011476	GO:0016020
T37020011476	GO:0009507
T37020011478	GO:0009570
T37020011478	GO:0009941
T37020011478	GO:0016020
T37020011478	GO:0009295
T37020011478	GO:0009507
T37020011479	GO:0009570
T37020011479	GO:0016020
T37020011479	GO:0009507
T37020011483	GO:0009570
T37020011483	GO:0009941
T37020011483	GO:0016020
T37020011483	GO:0009507
T37020011466	GO:0009570
T37020011466	GO:0009507
T37020011470	GO:0009570
T37020011470	GO:0009507
T37020011473	GO:0009570
T37020011473	GO:0009941
T37020011473	GO:0009507
T37020014617	GO:0009507
T37020010323	GO:0009535
T37020010323	GO:0009534
T37020010323	GO:0009579
T37020010334	GO:0009535
T37020011482	GO:0009579
T37020011482	GO:0016020
T37020011482	GO:0009507
T37020011166	GO:0009570
T37020011166	GO:0009941
T37020011166	GO:0009507
T37020010285	GO:0009535
T37020010285	GO:0009534
T37020010285	GO:0009522
T37020010285	GO:0009533
T37020010285	GO:0016020
T37020010285	GO:0009507
T37020010318	GO:0009535
T37020010318	GO:0009507
T37020011177	GO:0009570
T37020011177	GO:0009941
T37020011177	GO:0009507
T37020011467	GO:0009534
T37020011467	GO:0009570
T37020012431	GO:0010445
T37020007413	GO:0016020
T37020011349	GO:0005762
T37020011349	GO:0005739
T37020007149	GO:0005829
T37020007149	GO:0005739
T37020007149	GO:0009507
T37020008850	GO:0005634
T37020008850	GO:0005829
T37020002979	GO:0005634
T37020002979	GO:0005730
T37020013556	GO:0005783
T37020007813	GO:0005773
T37020007813	GO:0009705
T37020008804	GO:0005886
T37020010061	GO:0005794
T37020010061	GO:0005783
T37020014704	GO:0005654
T37020014704	GO:0005737
T37020014704	GO:0005739
T37020007583	GO:0005739
T37020013000	GO:0005744
T37020004706	GO:0016020
T37020004706	GO:0019005
T37020008487	GO:0016020
T37020008487	GO:0009507
T37020013325	GO:0048046
T37020010393	GO:0005794
T37020013182	GO:0005794
T37020013182	GO:0005802
T37020013182	GO:0005768
T37020004603	GO:0005777
T37020006733	GO:0016020
T37020005286	GO:0005634
T37020010074	GO:0022626
T37020011619	GO:0005886
T37020011619	GO:0009506
T37020011619	GO:0005789
T37020014460	GO:0005737
T37020014460	GO:0005634
T37020013746	GO:0010008
T37020012256	GO:0005886
T37020013090	GO:0005737
T37020013090	GO:0005634
T37020013090	GO:0005829
T37020008943	GO:0005694
T37020005908	GO:0012505
T37020009213	GO:0005634
T37020005430	GO:0005737
T37020005430	GO:0009505
T37020007499	GO:0010494
T37020007499	GO:0000932
T37020000253	GO:0000325
T37020000253	GO:0005774
T37020002291	GO:0005737
T37020002291	GO:0005634
T37020002291	GO:0005886
T37020010431	GO:0009705
T37020012803	GO:0005794
T37020005853	GO:0005794
T37020012331	GO:0016607
T37020001117	GO:0005634
T37020014690	GO:0005886
T37020001288	GO:0005634
T37020001288	GO:0009507
T37020014494	GO:0005739
T37020006240	GO:0009570
T37020010453	GO:0005794
T37020010453	GO:0009506
T37020010453	GO:0005886
T37020009212	GO:0005634
T37020012131	GO:0005634
T37020005506	GO:0045271
T37020005506	GO:0005747
T37020005506	GO:0005739
T37020005506	GO:0031966
T37020001419	GO:0009507
T37020005828	GO:0009570
T37020005828	GO:0009536
T37020005828	GO:0009507
T37020000704	GO:0005829
T37020008424	GO:0005802
T37020000709	GO:0005773
T37020012476	GO:0005576
T37020013171	GO:0016020
T37020008478	GO:0005737
T37020008478	GO:0005634
T37020008478	GO:0005635
T37020008478	GO:0005730
T37020007453	GO:0009524
T37020007453	GO:0005819
T37020007453	GO:0005874
T37020004791	GO:0005777
T37020000461	GO:0030139
T37020000770	GO:0005774
T37020009740	GO:0005739
T37020002640	GO:0005634
T37020013079	GO:0005794
T37020013079	GO:0005802
T37020013079	GO:0005768
T37020004920	GO:0005634
T37020004920	GO:0005829
T37020000125	GO:0009506
T37020000125	GO:0005739
T37020008769	GO:0005886
T37020011939	GO:0005829
T37020006772	GO:0009507
T37020000188	GO:0016020
T37020000188	GO:0005886
T37020001586	GO:0005634
T37020002022	GO:0016020
T37020000031	GO:0005737
T37020000031	GO:0005730
T37020008244	GO:0009506
T37020008244	GO:0005886
T37020004001	GO:0005730
T37020001078	GO:0005829
T37020001078	GO:0009506
T37020006298	GO:0030875
T37020006298	GO:0005634
T37020006298	GO:0005730
T37020002021	GO:0005886
T37020011817	GO:0005829
T37020011817	GO:0000145
T37020009910	GO:0009507
T37020001602	GO:0005634
T37020006859	GO:0009535
T37020006859	GO:0042651
T37020006859	GO:0009507
T37020000923	GO:0005885
T37020011940	GO:0005829
T37020000258	GO:0009506
T37020000185	GO:0005886
T37020000185	GO:0005774
T37020009829	GO:0009507
T37020009492	GO:0009505
T37020009492	GO:0005886
T37020011390	GO:0005737
T37020011390	GO:0005634
T37020010586	GO:0009570
T37020010586	GO:0005739
T37020010586	GO:0009507
T37020001024	GO:0005634
T37020005944	GO:0005737
T37020005944	GO:0005634
T37020002215	GO:0005634
T37020002675	GO:0090406
T37020002675	GO:0005886
T37020002038	GO:0005886
T37020012426	GO:0005634
T37020002027	GO:0005794
T37020002027	GO:0005886
T37020007954	GO:0005794
T37020009457	GO:0005886
T37020013847	GO:0009506
T37020002028	GO:0005794
T37020002028	GO:0009506
T37020002028	GO:0005886
T37020010416	GO:0009705
T37020002020	GO:0005886
T37020010240	GO:0016020
T37020010240	GO:0009507
T37020004901	GO:0005737
T37020004901	GO:0019005
T37020004901	GO:0005730
T37020003135	GO:0005739
T37020002727	GO:0005829
T37020002727	GO:0009506
T37020000028	GO:0005737
T37020000769	GO:0005774
T37020012007	GO:0005829
T37020012007	GO:0070062
T37020014126	GO:0005886
T37020000259	GO:0005886
T37020010241	GO:0009506
T37020003955	GO:0005773
T37020005500	GO:0005777
T37020008388	GO:0005829
T37020005092	GO:0005634
T446890000269	GO:0005634
T446890000953	GO:0000145
T446890002817	GO:0031160
T446890003223	GO:0005764
T446890003223	GO:0005769
T446890003366	GO:0005776
T446890000954	GO:0000145
T446890000951	GO:0000145
T446890001313	GO:0005813
T446890002774	GO:0005634
T446890000795	GO:0005737
T446890000952	GO:0000145
T446890002645	GO:0005938
T446890002645	GO:0070938
T446890000720	GO:0097038
T446890000720	GO:0044354
T446890000720	GO:0005886
T446890000955	GO:0000145
T446890003376	GO:0031143
T446890003376	GO:0031254
T446890003376	GO:0031252
T446890003376	GO:0005938
T446890003376	GO:0005886
T446890003376	GO:0070685
T446890001034	GO:0005829
T446890001819	GO:0005737
T446890003557	GO:0005829
T446890003557	GO:0031252
T446890003557	GO:0005886
T446890001556	GO:0005634
T446890001556	GO:0072686
T446890002156	GO:0005794
T446890002156	GO:0071944
T446890002155	GO:0005794
T446890002155	GO:0071944
T5592920002757	GO:0005737
T5592920002757	GO:0005886
T5592920002480	GO:0005811
T5592920002480	GO:0005777
T5592920006268	GO:0005802
T5592920006268	GO:0005768
T5592920006269	GO:0005829
T5592920006269	GO:0005778
T5592920006269	GO:0005777
T72270003819	GO:0031902
T72270004381	GO:0035869
T72270013573	GO:0016323
T72270008554	GO:0005737
T72270010470	GO:0005634
T72270007486	GO:0005634
T72270008554	GO:0005737
T72270005860	GO:0005634
T72270008554	GO:0005737
T72270005860	GO:0005634
T72270013475	GO:0005737
T72270004381	GO:0035869
T72270003028	GO:0000178
T72270000700	GO:0005743
T72270003104	GO:0005769
T72270008554	GO:0005737
T72270002872	GO:0005634
T72270009199	GO:0005776
T72270003720	GO:0000792
T72270003720	GO:0005634
T72270003720	GO:0005730
T72270007486	GO:0005634
T72270000115	GO:0005634
T72270004734	GO:0045180
T72270011439	GO:0005737
T72270011439	GO:0005634
T72270009747	GO:0005749
T72270002984	GO:0008076
T72270002984	GO:0005887
T72270008388	GO:0035869
T72270011510	GO:0099061
T72270010830	GO:0005576
T72270007054	GO:0005829
T72270011796	GO:0098554
T72270004628	GO:0043679
T72270009830	GO:0101031
T72270009830	GO:0005739
T72270005860	GO:0005634
T72270013119	GO:0000792
T72270004132	GO:0005576
T72270005860	GO:0005634
T79550002906	GO:0036064
T79550002162	GO:0005829
T79550002162	GO:0016020
T79550002031	GO:0097519
T79550000088	GO:0000785
T79550000061	GO:0005886
T833330000815	GO:0043190
T833330000816	GO:0030288
T833330000161	GO:0030288
T833330003115	GO:0005886
T833330003135	GO:0030288
T833330004144	GO:0030288
T833330001586	GO:0043234
T833330002135	GO:0005886
T833330002453	GO:0032993
T833330001682	GO:0005886
T833330002757	GO:0030288
T833330002100	GO:0030288
T833330002881	GO:1990228
T833330003834	GO:0005829
T833330003501	GO:0005887
T833330003501	GO:0030288
T83550002035	GO:0005654
T83550003281	GO:1990391
T83550003281	GO:0005634
T83550003281	GO:0005662
T83550001660	GO:0005634
T83550002320	GO:0005634
T83550002320	GO:0005829
T96060008285	GO:0005794
T96060008285	GO:0005829
T96060008285	GO:0005739
T96060008285	GO:0000139
T96060019148	GO:0001725
T96060019148	GO:0031941
T96060019148	GO:0005925
T96060011988	GO:0043234
T96060017781	GO:0005886
T96060001214	GO:0005829
T96060018320	GO:0005829
T96060018328	GO:0005829
T96060008733	GO:0005634
T96060008577	GO:0005829
T96060001914	GO:0098592
T96060001914	GO:0032541
T96060019899	GO:0005634
T96060018421	GO:0005634
T96060016545	GO:0005634
T96060016545	GO:0032993
T96060016090	GO:0005737
T96060016090	GO:0016021
T96060009790	GO:0097524
T96060017706	GO:0005829
T96060017706	GO:0005791
T96060015951	GO:0005886
T96060010196	GO:0043234
T96060005756	GO:0043234
T96060012299	GO:0008250
T96060012574	GO:0001669
T96060012574	GO:0005615
T96060010078	GO:0005634
T96060010078	GO:0043596
T96060010078	GO:0000794
T96060010078	GO:0005730
T96060014225	GO:0005634
T96060016549	GO:0005829
T96060017736	GO:0016020
T96060017736	GO:0005887
T96060006134	GO:0043234
T96060006134	GO:0005576
T96060004676	GO:0005634
T96060003308	GO:0005886
T96060003290	GO:0005886
T96060002146	GO:0043234
T96060017211	GO:0005622
T96060005496	GO:0005576
T96060017967	GO:0005829
T96060004331	GO:0005615
T96060009105	GO:0042599
T96060009105	GO:0005615
T96060017656	GO:0005783
T96060017656	GO:0034998
T96060010763	GO:0031012
T96060013547	GO:0005737
T96060013547	GO:0005794
T96060013547	GO:0005576
T96060013547	GO:0005783
T96060009474	GO:0005737
T96060009474	GO:0005865
T96060009474	GO:0031430
T96060018443	GO:0005634
T96060018443	GO:0005730
T96060003893	GO:0005634
T96060005819	GO:0005634
T96060018324	GO:0005829
T96060008186	GO:0043234
T96060008186	GO:0005938
T96060008186	GO:0005886
T96060003236	GO:0043234
T96060003236	GO:0009897
T96060003237	GO:0005794
T96060003237	GO:0005829
T96060003237	GO:0031982
T96060014856	GO:0005829
T96060012541	GO:0005634
T96060010670	GO:0005739
T96060009955	GO:0005737
T96060009955	GO:0051233
T96060009955	GO:0072686
T96060009955	GO:0000235
T96060016448	GO:0005737
T96060016448	GO:0005903
T96060010307	GO:0005737
T96060010307	GO:0005634
T96060001742	GO:0005739
T96060008750	GO:0043234
T96060015549	GO:0005886
T96060002144	GO:0043234
T96060002144	GO:0097179
T96060017242	GO:0005783
T96060003618	GO:0005759
T96060003618	GO:0043234
T96060003618	GO:0005743
T96060000544	GO:0005783
T96060002302	GO:0005634
T96060009739	GO:0043234
T96060009739	GO:0009897
T96060015131	GO:0005615
T96060001954	GO:0097228
T96060004404	GO:0005886
T96060017937	GO:0030008
T96060004207	GO:0005921
T96060005380	GO:0005737
T96060005380	GO:0043234
T96060005380	GO:0005634
T96060005380	GO:0005739
T96060005380	GO:0005813
T96060003727	GO:0005615
T96060016657	GO:0005622
T96060009777	GO:0005759
T96060009777	GO:0031966
T96060009556	GO:0008076
T96060003091	GO:0005737
T96060003091	GO:0005886
T96060014777	GO:0005576
T96060003994	GO:0005615
T96060002145	GO:0043234
T96060004362	GO:0043234
T96060004362	GO:0080008
T96060015955	GO:0043601
T96060003842	GO:0043234
T96060004927	GO:0043234
T96060014271	GO:0005737
T96060014271	GO:0043234
T96060014271	GO:0005730
T96060013902	GO:0005886
T96060007082	GO:0005739
T96060016569	GO:0005829
T96060007957	GO:0043234
T96060012741	GO:0005759
T96060010945	GO:0005634
T96060000845	GO:0005737
T96060019039	GO:0005829
T96060019039	GO:0032154
T96060019039	GO:0000922
T96060003447	GO:0043234
T96060017543	GO:0005829
T96060002806	GO:0005737
T96060002806	GO:0005634
T96060018429	GO:0005737
T96060018429	GO:0005634
T96060008884	GO:0005737
T96060008884	GO:0031463
T96060008884	GO:0005912
T96060008884	GO:0030057
T96060012466	GO:0005737
T96060008010	GO:0005615
T96060009459	GO:0005887
T96060009459	GO:0005886
T96060008011	GO:0005615
T96060017734	GO:0005737
T96060017734	GO:0005886
T96060008030	GO:0005576
T96060016192	GO:0005615
T96060014206	GO:0005737
T96060009572	GO:0008076
T96060006937	GO:0000137
T96060006937	GO:0005635
T96060006937	GO:0005783
T96060006937	GO:0005802
T96060001218	GO:0005829
T96060010715	GO:0032587
T96060004525	GO:0031464
T96060004525	GO:0080008
T96060010937	GO:0061702
T96060019408	GO:0005737
T96060019408	GO:1901588
T96060019408	GO:0043197
T96060019408	GO:0043198
T96060019408	GO:0005634
T96060019408	GO:0030426
T96060019408	GO:0098794
T96060019408	GO:0005886
T96060019408	GO:0043025
T96060005689	GO:0005615
T96060018517	GO:0000151
T96060004332	GO:0061827
T96060004332	GO:0005615
T96060018944	GO:0009897
T96060003191	GO:0005622
T96060004309	GO:0043234
T96060004309	GO:0005622
T96060009757	GO:0005576
T96060008120	GO:0043234
T96060008120	GO:0005829
T96060008120	GO:0005886
T96060000639	GO:0005952
T96060000639	GO:0005930
T96060011210	GO:0043234
T96060011210	GO:0005634
T96060017500	GO:0005615
T96060010198	GO:0005737
T96060010198	GO:0043234
T96060010198	GO:0005634
T96060010304	GO:0005743
T96060002329	GO:0005737
T96060010968	GO:1990752
T96060015952	GO:0005886
T96060016616	GO:0005737
T96060016616	GO:0005634
T96060016616	GO:0048471
T96060014522	GO:0005829
T96060013234	GO:0005886
T96060013010	GO:0005886
T96060014111	GO:0005829
T96060014111	GO:0048471
T96060003280	GO:0005886
T96060001698	GO:0005829
T96060001698	GO:0005739
T96060004260	GO:1990742
T96060004260	GO:0005634
T96060004260	GO:0019898
T96060002807	GO:0031982
T96060002807	GO:0005739
T96060001139	GO:0005783
T96060010311	GO:0005737
T96060010311	GO:0043234
T96060010311	GO:0005634
T96060004584	GO:0005576
T96060009570	GO:0008076
T96060010045	GO:0005743
T96060010045	GO:0005739
T96060013286	GO:0005783
T96060017687	GO:0032580
T96060012419	GO:0005737
T96060007531	GO:0031012
T96060017229	GO:0005737
T96060017229	GO:0005634
T96060009738	GO:0043234
T96060009738	GO:0009897
T96060004324	GO:0005622
T96060013684	GO:0005737
T96060008574	GO:0005829
T96060008574	GO:0031463
T96060018330	GO:0005623
T96060018318	GO:0005829
T96060008068	GO:0005615
T96060018948	GO:0005634
T96060005845	GO:0005654
T96060005821	GO:0005886
T96060005449	GO:0005737
T96060019073	GO:0005615
T96060006844	GO:0005783
T96060013328	GO:0005923
T96060013328	GO:0005884
T96060013328	GO:0005912
T96060001223	GO:0005829
T96060008077	GO:0005576
T96060007870	GO:0005615
T96060015038	GO:0005737
T96060001211	GO:0005829
T96060001217	GO:0005829
T96060001215	GO:0005829
T96060001212	GO:0005829
T96060001212	GO:0000151
T96060017895	GO:0005886
T96060018209	GO:0005576
T96060008355	GO:0005765
T96060008355	GO:0140007
T96060018291	GO:0030496
T96060019928	GO:0005634
T96060005169	GO:0005634
T96060010696	GO:0005829
T96060017658	GO:0005743
T96060017658	GO:0005747
T96060010824	GO:0005741
T96060010824	GO:0005739
T96060007061	GO:0005737
T96060007061	GO:0005634
T96060001829	GO:0005829
T96060005705	GO:0005741
T96060005705	GO:0031224
T96060008715	GO:0005829
T96060014796	GO:0005886
T96060019755	GO:0005737
T96060019755	GO:0005634
T96060002166	GO:0030173
T96060008904	GO:0005829
T96060000375	GO:0005634
T96060016381	GO:0005829
T96060001867	GO:0005737
T96060011185	GO:0005829
T96060009225	GO:0005844
T96060009225	GO:0030529
T96060008298	GO:0005759
T96060006137	GO:0043234
T96060006137	GO:0005576
T96060014756	GO:0005789
T96060000430	GO:0005886
T96060003990	GO:0005737
T96060003990	GO:0005634
T96060003990	GO:0036126
T96060003990	GO:0061827
T96060015950	GO:0005886
T96060001440	GO:0005737
T96060001440	GO:0016324
T96060001440	GO:0005615
T96060001440	GO:0031045
T96060003555	GO:0005634
T96060008058	GO:0043234
T96060005363	GO:0016020
T96060005363	GO:0043231
T96060017562	GO:0048471
T96060001226	GO:0005829
T96060017513	GO:0043234
T96060003886	GO:0005886
T96060004308	GO:0043234
T96060004308	GO:0005622
T96060009567	GO:0005886
T96060008873	GO:0005829
T96060001318	GO:0005747
T96060001643	GO:0005737
T96060001643	GO:0005634
T96060001643	GO:0005874
T96060001643	GO:0000922
T96060004779	GO:0005634
T96060004779	GO:0005657
T96060004779	GO:0030894
T96060019120	GO:0005829
T96060007177	GO:0005737
T96060007177	GO:0005634
T96060008400	GO:0048471
T96060008400	GO:0005912
T96060008400	GO:0032587
T96060007414	GO:0072686
T96060013608	GO:0005743
T96060000625	GO:0009986
T96060000625	GO:0005913
T96060000625	GO:0044291
T96060000625	GO:0009898
T96060000625	GO:0044214
T96060014523	GO:0005829
T992870000225	GO:0032993
T992870000466	GO:0032993
T992870001023	GO:0032993
T992870001259	GO:0032993
T992870000685	GO:0032993
T100900010085	GO:0045296
T100900010085	GO:0005515
T100900010085	GO:0004672
T100900013197	GO:0046975
T100900011964	GO:0070492
T100900011964	GO:0042834
T100900016421	GO:0004176
T100900014795	GO:0005178
T100900006601	GO:0043565
T100900006601	GO:0001227
T100900006601	GO:0005515
T100900006085	GO:0003680
T100900006085	GO:0003690
T100900006602	GO:0000977
T100900006602	GO:0001228
T100900011634	GO:0015267
T100900004331	GO:0043565
T100900004331	GO:0001228
T100900013231	GO:0042802
T100900009533	GO:0071889
T100900009219	GO:0000981
T100900015822	GO:0101005
T100900013316	GO:0043565
T100900013316	GO:0001227
T100900006111	GO:0042393
T100900000781	GO:0097718
T100900000781	GO:0005515
T100900001744	GO:0042802
T100900008024	GO:0032403
T100900008024	GO:0001540
T100900008024	GO:0005515
T100900008024	GO:0042803
T100900008299	GO:0008474
T100900016456	GO:0000978
T100900016456	GO:0001078
T100900001278	GO:0003947
T100900000577	GO:0004622
T100900009708	GO:0042802
T100900009708	GO:0005515
T100900005878	GO:0004930
T100900014556	GO:0000978
T100900014556	GO:0001077
T100900003382	GO:0042802
T100900005247	GO:0043565
T100900005247	GO:0001228
T100900006296	GO:0000978
T100900006296	GO:0001078
T100900007110	GO:0001540
T100900014232	GO:0004825
T100900008642	GO:0005112
T100900013812	GO:0000978
T100900013812	GO:0001077
T100900013522	GO:0016887
T100900015390	GO:0043014
T100900015390	GO:0004842
T100900015390	GO:0005515
T100900008785	GO:0042802
T100900008785	GO:0005515
T100900002826	GO:0047820
T100900006299	GO:0001227
T100900006299	GO:0000977
T100900013095	GO:0008177
T100900016182	GO:0016887
T100900014216	GO:0004827
T100900011684	GO:0035374
T100900011684	GO:0008201
T100900011049	GO:0035727
T100900011049	GO:0004806
T100900011049	GO:0036042
T100900011049	GO:0042171
T100900013789	GO:0008017
T100900014229	GO:0097110
T100900005123	GO:0042803
T100900014259	GO:0004814
T100900009630	GO:0034512
T100900014707	GO:0000978
T100900014707	GO:0001077
T100900004139	GO:0033549
T100900002113	GO:0008009
T100900008087	GO:0001968
T100900008087	GO:0004720
T100900007941	GO:0015369
T101160007927	GO:0043565
T101160007927	GO:0001227
T101160001823	GO:0019894
T101160007335	GO:0046982
T101160007335	GO:0051015
T101160007335	GO:0042802
T101160007335	GO:0042803
T101160006448	GO:0015631
T101160002454	GO:0034987
T101160005214	GO:0020037
T101160002509	GO:0032403
T101160000432	GO:0032050
T101160000432	GO:0035615
T101160000432	GO:0005515
T101160004697	GO:0004888
T101160004920	GO:0019900
T101160002058	GO:0005518
T101160002058	GO:0005515
T101160003063	GO:0000978
T101160003063	GO:0001078
T101160007090	GO:0000978
T101160007090	GO:0001077
T101160002228	GO:0004528
T2243080000014	GO:0042802
T2243080000014	GO:0005515
T2243080000654	GO:0043565
T2243080000654	GO:0000976
T2243080000654	GO:0001217
T2375610007563	GO:0003825
T2848120003394	GO:0015450
T2848120001768	GO:0005215
T2848120001768	GO:0106006
T2848120003637	GO:0005524
T2848120003563	GO:0070140
T2848120003563	GO:0005515
T2848120000559	GO:0019784
T2848120002939	GO:0017112
T2848120002472	GO:0061860
T2848120000373	GO:0034513
T2848120000805	GO:0003743
T2848120001033	GO:0036374
T2848120001833	GO:0000340
T2848120001675	GO:0120048
T2848120003505	GO:0061656
T2848120003505	GO:0019948
T2848120001416	GO:0008266
T2848120001416	GO:0005515
T2848120002894	GO:0008565
T2848120000808	GO:0003743
T2848120000119	GO:0030276
T2848120000984	GO:0047935
T2848120002090	GO:0005524
T2848120004928	GO:0061459
T2848120001975	GO:0061608
T2848120001975	GO:0005515
T2848120004370	GO:0140083
T2848120004370	GO:0005515
T2848120003621	GO:0005524
T2848120003291	GO:0000991
T2848120000562	GO:0052714
T2848120000562	GO:0052712
T2848120003580	GO:0004846
T2848120001267	GO:0061608
T2848120001418	GO:0008266
T2848120001418	GO:0005515
T2848120001143	GO:0003747
T2848120001143	GO:0005515
T2848120002428	GO:0004252
T2848120002428	GO:0005515
T2848120000981	GO:1905538
T2848120001413	GO:0008266
T2848120001413	GO:0005515
T2848120002473	GO:0061860
T2848120000560	GO:0019784
T2848120001806	GO:0000146
T2848120001806	GO:0030898
T2848120002242	GO:0004521
T2848120000175	GO:0106006
T2848120000175	GO:0005515
T2848120002474	GO:0061860
T2848120003312	GO:0005200
T2848120002375	GO:0004725
T2848120002411	GO:0061630
T2848120003119	GO:0045027
T2848120001247	GO:0003743
T2848120000666	GO:0004354
T2848120000495	GO:0051015
T2848120001255	GO:0004865
T2848120000848	GO:0008022
T2848120000848	GO:0003747
T2848120000848	GO:0016149
T2848120000848	GO:1990825
T2848120002402	GO:0019948
T2848120002893	GO:0008565
T2848120001379	GO:0000049
T2848120002895	GO:0008565
T2848120001078	GO:0051287
T2848120000090	GO:0004037
T2848120000294	GO:0003843
T2848120004066	GO:0005546
T2848120000622	GO:0004414
T2848120000622	GO:0009001
T2848120002903	GO:0004674
T2848120000804	GO:0003743
T2848120000210	GO:0005524
T2848120000557	GO:0019784
T2848120004951	GO:0061630
T2848120003148	GO:0030942
T2848120003353	GO:0001006
T2848120003353	GO:0001029
T2848120002271	GO:0003723
T2848120001027	GO:0042802
T2848120001575	GO:0005546
T2848120003642	GO:1990606
T2848120001032	GO:0036374
T2848120004738	GO:0016298
T2848120000702	GO:0003747
T2848120000702	GO:0005515
T2848120001750	GO:0005215
T2848120001750	GO:0106006
T2848120002998	GO:0035064
T2848120000558	GO:0019784
T2848120003493	GO:0004633
T2848120003493	GO:0010181
T2848120003493	GO:0019212
T2848120003493	GO:0004799
T2848120002240	GO:0004674
T2848120000579	GO:0106054
T2848120001417	GO:0008266
T2848120001417	GO:0005515
T2848120000561	GO:0019784
T2848120001414	GO:0008266
T2848120001414	GO:0005515
T37020011260	GO:0003735
T37020012970	GO:0003723
T37020007733	GO:0004177
T37020002498	GO:0042802
T37020002498	GO:0005515
T37020011257	GO:0003735
T37020011182	GO:0003735
T37020011285	GO:0003735
T37020011253	GO:0003735
T37020002644	GO:0003700
T37020002644	GO:0043565
T37020011206	GO:0003735
T37020002985	GO:0016301
T37020011505	GO:0003735
T37020011247	GO:0003735
T37020011250	GO:0003735
T37020010280	GO:0003735
T37020002172	GO:0019904
T37020011229	GO:0003735
T37020010689	GO:0003735
T37020010880	GO:0019904
T37020010881	GO:0019904
T37020011242	GO:0003735
T37020001970	GO:0019904
T37020000738	GO:0004177
T37020000738	GO:0016805
T37020000738	GO:0030145
T37020003628	GO:0016151
T37020003628	GO:0005507
T37020002747	GO:0016151
T37020002747	GO:0005507
T37020006390	GO:0043621
T37020006390	GO:0005515
T37020014042	GO:0016151
T37020014042	GO:0005507
T37020014042	GO:0008270
T37020014042	GO:0050897
T37020011196	GO:0003735
T37020010688	GO:0003735
T37020004415	GO:0019904
T37020010163	GO:0004722
T37020010163	GO:0005515
T37020011538	GO:0003735
T37020011523	GO:0003735
T37020011279	GO:0003735
T37020011240	GO:0003735
T37020011266	GO:0003735
T37020010701	GO:0003735
T37020011556	GO:0003735
T37020011221	GO:0003735
T37020011274	GO:0003735
T37020011215	GO:0003735
T37020011209	GO:0003735
T37020011228	GO:0003735
T37020011238	GO:0003735
T37020010708	GO:0003735
T37020011258	GO:0003735
T37020011283	GO:0003735
T37020011509	GO:0003735
T37020011510	GO:0003735
T37020010678	GO:0003735
T37020010679	GO:0003735
T37020010703	GO:0003735
T37020010702	GO:0003735
T37020007481	GO:0004559
T37020002107	GO:0019904
T37020002107	GO:0005515
T37020011514	GO:0003735
T37020009371	GO:0004629
T37020009371	GO:0005515
T37020008854	GO:0003723
T37020008854	GO:0043621
T37020011972	GO:0043495
T37020011534	GO:0003735
T37020011278	GO:0003735
T37020011216	GO:0003735
T37020011277	GO:0003735
T37020003762	GO:0070182
T37020006224	GO:0004407
T37020003259	GO:0002094
T37020008387	GO:0003924
T37020008387	GO:0004517
T37020011555	GO:0003735
T37020003976	GO:0052861
T37020009192	GO:0004663
T37020010844	GO:0019904
T37020005527	GO:0003839
T37020013496	GO:0004843
T37020013496	GO:0005515
T37020002642	GO:0003700
T37020002642	GO:0043565
T37020002642	GO:0005516
T37020002642	GO:0005515
T37020005525	GO:0003839
T37020011545	GO:0003735
T37020010693	GO:0003735
T37020009959	GO:0003727
T37020011259	GO:0003735
T37020011535	GO:0003735
T37020011552	GO:0003735
T37020011541	GO:0003735
T37020003091	GO:0019904
T37020011227	GO:0003735
T37020011284	GO:0003735
T37020010697	GO:0003735
T37020012740	GO:0019900
T37020012740	GO:0019903
T37020012740	GO:0005515
T37020011256	GO:0003735
T37020011548	GO:0003735
T37020000740	GO:0016805
T37020010710	GO:0003735
T37020009190	GO:0004663
T37020011566	GO:0003735
T37020001399	GO:0043879
T37020011234	GO:0003735
T37020001139	GO:0004839
T37020010677	GO:0003735
T37020011564	GO:0003735
T37020011208	GO:0003735
T37020011195	GO:0003735
T37020006593	GO:0043621
T37020006593	GO:0005515
T37020011970	GO:0043495
T37020002301	GO:0004605
T37020013125	GO:0042802
T37020011942	GO:0008865
T37020010432	GO:0080054
T37020011233	GO:0003735
T37020008582	GO:0019904
T37020010707	GO:0003735
T37020011269	GO:0003735
T37020011217	GO:0003735
T37020011200	GO:0003735
T37020011203	GO:0003735
T37020006592	GO:0043621
T37020006592	GO:0005515
T37020011241	GO:0003735
T37020011575	GO:0003735
T37020011518	GO:0003735
T37020011560	GO:0003735
T37020010683	GO:0003735
T37020002290	GO:0004674
T37020002290	GO:0005515
T37020011943	GO:0008865
T37020011519	GO:0003735
T37020014570	GO:0008310
T37020014570	GO:0005515
T37020006083	GO:0019904
T37020011530	GO:0003735
T37020013495	GO:0004843
T37020013495	GO:0005515
T37020014061	GO:0004534
T37020014062	GO:0004534
T37020006223	GO:0004407
T37020010966	GO:0003729
T37020011517	GO:0003735
T37020011516	GO:0003735
T37020011515	GO:0003735
T37020011267	GO:0003735
T37020010706	GO:0003735
T37020011289	GO:0003735
T37020009193	GO:0004663
T37020014090	GO:0016762
T37020011245	GO:0003735
T37020010705	GO:0003735
T37020011938	GO:0008865
T37020010699	GO:0003735
T37020010700	GO:0003735
T37020009389	GO:0004630
T37020007223	GO:0016301
T37020007223	GO:0070403
T37020010695	GO:0003735
T37020011291	GO:0003735
T37020011293	GO:0003735
T37020010691	GO:0003735
T37020011290	GO:0003735
T37020011549	GO:0003735
T37020005694	GO:0052625
T37020005694	GO:0052627
T37020005694	GO:0052626
T37020005694	GO:0052628
T37020011252	GO:0003735
T37020011275	GO:0003735
T37020007158	GO:0019904
T37020010692	GO:0003735
T37020011230	GO:0003735
T37020011551	GO:0003735
T37020007877	GO:0019904
T37020011533	GO:0003735
T37020011251	GO:0003735
T37020010698	GO:0003735
T37020011248	GO:0003735
T37020011231	GO:0003735
T37020011521	GO:0003735
T37020009390	GO:0004630
T37020010289	GO:0019904
T37020010286	GO:0019904
T37020008012	GO:0003700
T37020008012	GO:0043565
T37020008012	GO:0044212
T37020010288	GO:0019904
T37020011507	GO:0003735
T37020010287	GO:0019904
T37020011270	GO:0003735
T37020011542	GO:0003735
T37020011537	GO:0003735
T37020011528	GO:0003735
T37020010290	GO:0019904
T37020011937	GO:0008865
T37020011544	GO:0003735
T37020011204	GO:0003735
T37020011524	GO:0003735
T37020007641	GO:0001104
T37020007641	GO:0005515
T37020011520	GO:0003735
T37020011226	GO:0003735
T37020011508	GO:0003735
T37020012828	GO:0051117
T37020012828	GO:0051087
T37020012828	GO:0005515
T37020011288	GO:0003735
T37020011236	GO:0003735
T37020011202	GO:0003735
T37020011525	GO:0003735
T37020011553	GO:0003735
T37020010709	GO:0003735
T37020011218	GO:0003735
T37020011237	GO:0003735
T37020010682	GO:0003735
T37020011292	GO:0003735
T37020006649	GO:0052658
T37020011280	GO:0003735
T37020011546	GO:0003735
T37020002562	GO:0003723
T446890003225	GO:0032403
T446890001860	GO:0030898
T446890001860	GO:0005516
T446890001860	GO:0005515
T446890001863	GO:0051015
T446890001863	GO:0030898
T446890001229	GO:0002020
T446890001563	GO:0008017
T446890001515	GO:0009824
T5592920004765	GO:0008121
T5592920001321	GO:0042802
T5592920000067	GO:0042802
T5592920003581	GO:0042802
T5592920003581	GO:0005515
T5592920004896	GO:0042802
T5592920003914	GO:0008177
T5592920003914	GO:0005515
T5592920006377	GO:0000298
T5592920003029	GO:0030234
T5592920001166	GO:0097367
T5592920004702	GO:0042802
T5592920000328	GO:0000149
T5592920000521	GO:0042802
T5592920000521	GO:0005515
T72270004803	GO:0090433
T72270012631	GO:0004175
T72270006482	GO:0015185
T72270011604	GO:0005509
T72270003664	GO:0019901
T72270003664	GO:0005523
T72270003664	GO:0005515
T72270008571	GO:0031072
T72270002610	GO:0043565
T72270001968	GO:0005112
T72270005240	GO:0061578
T72270003389	GO:0022848
T72270000161	GO:0061630
T72270003910	GO:0042043
T72270002610	GO:0043565
T72270003910	GO:0042043
T72270003910	GO:0042043
T72270003910	GO:0042043
T72270003910	GO:0042043
T72270003910	GO:0042043
T72270003910	GO:0042043
T72270008571	GO:0031072
T72270006337	GO:0022883
T72270006337	GO:0005385
T72270004506	GO:0043565
T72270004506	GO:0035326
T72270013198	GO:0022848
T72270009088	GO:0005515
T72270012506	GO:0004722
T72270010737	GO:0004129
T72270012597	GO:0051082
T72270012597	GO:0042802
T72270003546	GO:0005430
T72270003546	GO:0008558
T72270003546	GO:0005395
T72270003546	GO:1905948
T72270005358	GO:0005430
T72270010331	GO:0003729
T72270000130	GO:0005430
T72270010937	GO:0003924
T72270001559	GO:0008514
T72270001559	GO:0015562
T72270003735	GO:0008308
T72270002891	GO:0005385
T72270002610	GO:0043565
T72270006107	GO:0004526
T72270012412	GO:0089720
T72270002880	GO:0043994
T72270006337	GO:0005385
T72270007841	GO:0042803
T72270013198	GO:0022848
T72270013198	GO:0022848
T72270013198	GO:0022848
T72270003389	GO:0022848
T72270013198	GO:0022848
T72270002815	GO:0003693
T72270003358	GO:0005126
T72270011503	GO:0005385
T72270008255	GO:0043994
T72270013198	GO:0022848
T72270005240	GO:0061578
T72270003910	GO:0042043
T72270003910	GO:0042043
T72270006167	GO:0008565
T72270007336	GO:0005385
T72270005691	GO:0004842
T72270007569	GO:0005385
T72270003389	GO:0022848
T72270013198	GO:0022848
T72270013198	GO:0022848
T72270013198	GO:0022848
T72270013198	GO:0022848
T72270006256	GO:0042802
T72270003808	GO:0004778
T72270005240	GO:0061578
T72270013198	GO:0022848
T72270002153	GO:0043994
T72270003910	GO:0042043
T72270007336	GO:0005385
T72270011028	GO:0004596
T72270003147	GO:0000993
T72270003147	GO:0005515
T72270001557	GO:0071771
T72270008213	GO:0000993
T72270008213	GO:0003682
T72270008213	GO:0005515
T72270008213	GO:0003729
T72270011503	GO:0022883
T72270011503	GO:0005385
T72270002791	GO:0005509
T72270011331	GO:0001734
T72270003661	GO:0004252
T72270003661	GO:0004175
T72270008800	GO:0004449
T72270011024	GO:0043140
T72270005327	GO:0015297
T72270011497	GO:0051015
T72270007336	GO:0005385
T72270013233	GO:0042802
T72270000419	GO:0042803
T72270006019	GO:0005385
T72270002309	GO:0032947
T72270002309	GO:0005515
T72270004956	GO:0097109
T72270008255	GO:0043994
T72270001431	GO:0001006
T72270001431	GO:0001029
T72270002891	GO:0005385
T72270013198	GO:0022848
T72270000162	GO:0004581
T72270011637	GO:0005337
T72270009088	GO:0005201
T72270013078	GO:0003723
T72270004630	GO:0043565
T72270004630	GO:0005515
T72270004630	GO:0044212
T72270000877	GO:0043994
T72270006751	GO:0042834
T72270006751	GO:0005515
T72270006692	GO:0003693
T72270005240	GO:0061578
T72270004373	GO:0042802
T72270004373	GO:0005515
T72270000907	GO:0043047
T72270008571	GO:0031072
T72270008571	GO:0031072
T72270008571	GO:0031072
T72270002976	GO:0042803
T72270011610	GO:0022852
T72270011381	GO:0051087
T72270001143	GO:0032403
T72270001143	GO:0050839
T72270003389	GO:0022848
T72270003910	GO:0042043
T72270001166	GO:0004676
T72270002153	GO:0043994
T72270004390	GO:1990756
T72270004390	GO:1905761
T72270005000	GO:0042802
T72270005000	GO:0005515
T72270005397	GO:0004526
T72270001906	GO:0008565
T72270003910	GO:0042043
T79550002685	GO:0004415
T79550002032	GO:0043565
T79550002032	GO:0005515
T79550002846	GO:0042803
T79550002349	GO:0016301
T79550002349	GO:0030247
T79550002349	GO:0043531
T79550002226	GO:0070915
T833330000821	GO:0042802
T833330000297	GO:0005216
T833330000297	GO:0019904
T833330000297	GO:0005515
T833330000359	GO:0008984
T833330000359	GO:1990827
T833330000359	GO:0005515
T833330000360	GO:0008022
T833330000360	GO:0008983
T833330002369	GO:0043022
T833330002369	GO:0003924
T833330002369	GO:0005515
T833330002402	GO:0043022
T833330002402	GO:0003924
T833330002402	GO:0005515
T833330002402	GO:0042803
T833330002377	GO:0003735
T833330002377	GO:0070180
T833330002387	GO:0003735
T833330002393	GO:0003735
T833330002484	GO:0003735
T833330002490	GO:0003735
T833330004315	GO:0008296
T833330004315	GO:0005515
T833330001828	GO:0001140
T833330000957	GO:0003983
T833330000435	GO:0042802
T833330000532	GO:0015556
T833330000532	GO:0005469
T833330000533	GO:0015556
T833330000533	GO:0005469
T833330000534	GO:0005469
T833330004434	GO:0000976
T833330004434	GO:0042802
T833330004434	GO:0001217
T833330004176	GO:0042802
T833330001164	GO:0016597
T833330001680	GO:0008932
T833330001680	GO:0008933
T833330003215	GO:0015562
T833330003216	GO:0015562
T833330002375	GO:0003735
T833330002389	GO:0003735
T833330002401	GO:0003735
T833330002401	GO:0070180
T833330002474	GO:0003735
T833330002553	GO:0000014
T833330002553	GO:1990238
T833330002553	GO:0004529
T833330002553	GO:0005515
T833330002569	GO:0005515
T833330002569	GO:0008320
T833330002547	GO:0015489
T833330002548	GO:0015489
T833330002259	GO:0015591
T833330002259	GO:0005515
T833330003839	GO:1990275
T833330003839	GO:0005515
T833330002376	GO:0008097
T833330001679	GO:0008932
T833330001679	GO:0008933
T833330001470	GO:0043565
T833330002909	GO:0015169
T833330002909	GO:0015430
T833330002909	GO:0001406
T833330000793	GO:0015603
T833330000792	GO:0015603
T833330000794	GO:0005524
T833330001566	GO:0000976
T833330001566	GO:0001217
T833330003243	GO:0042802
T833330001652	GO:0015592
T833330001652	GO:0005354
T833330003656	GO:0071111
T833330001924	GO:1900750
T833330000803	GO:0015620
T833330003802	GO:0046566
T833330000686	GO:0042802
T833330000434	GO:0042802
T833330002447	GO:0008408
T833330002447	GO:0000287
T833330002447	GO:0042802
T833330002447	GO:0005515
T833330001696	GO:0061798
T833330004031	GO:0071111
T833330001852	GO:0008198
T833330001852	GO:0070026
T833330001852	GO:0042802
T833330001852	GO:0001151
T833330001852	GO:0001150
T833330001704	GO:1901359
T833330001704	GO:0030151
T833330000569	GO:0033558
T833330000953	GO:0001140
T833330000953	GO:0000986
T833330001042	GO:0070335
T833330001042	GO:0016595
T833330000100	GO:0048029
T833330004428	GO:0000006
T833330001846	GO:0042802
T833330001143	GO:0001131
T833330003697	GO:0052621
T833330003697	GO:0042802
T833330003697	GO:0005515
T833330001167	GO:0005291
T833330002383	GO:0003735
T833330002270	GO:0005507
T833330000081	GO:0015299
T833330000081	GO:0034639
T833330002482	GO:0003735
T833330004362	GO:0005506
T833330000365	GO:0022838
T833330000682	GO:0008201
T833330002524	GO:0071111
T833330004132	GO:0071111
T833330002640	GO:0051082
T833330002640	GO:0005515
T833330004317	GO:0001140
T833330004317	GO:0000986
T833330003120	GO:0036524
T83550002754	GO:0008017
T83550003238	GO:0042802
T83550003238	GO:0005515
T96060008321	GO:0047349
T96060008321	GO:0070567
T96060008321	GO:0042803
T96060017039	GO:0034987
T96060016844	GO:0005509
T96060019113	GO:0048018
T96060019114	GO:0048018
T96060011046	GO:0042802
T96060011046	GO:0005515
T96060011004	GO:0042802
T96060000636	GO:0051018
T96060000636	GO:0005515
T96060013740	GO:0033130
T96060005543	GO:0016757
T96060011698	GO:0005515
T96060011698	GO:0003677
T96060011060	GO:0004550
T96060015530	GO:0042802
T96060015530	GO:0005515
T96060010530	GO:0004222
T96060004736	GO:0030544
T96060016290	GO:0043565
T96060016290	GO:0001227
T96060003311	GO:0001618
T96060003311	GO:0005515
T96060008870	GO:0000978
T96060008870	GO:0001078
T96060010171	GO:0015485
T96060010171	GO:0005515
T96060010171	GO:0042803
T96060009740	GO:0042802
T96060009741	GO:0042802
T96060007290	GO:0001530
T96060007290	GO:0005515
T96060007801	GO:0000977
T96060007801	GO:0001228
T96060005198	GO:0005179
T96060005198	GO:0031704
T96060002950	GO:0005179
T96060004482	GO:0042803
T96060008474	GO:0030280
T96060007779	GO:0000978
T96060007779	GO:0001077
T96060007778	GO:0043565
T96060007778	GO:0001228
T96060015835	GO:0005178
T96060003754	GO:0004181
T96060009655	GO:0004964
T96060006023	GO:0019862
T96060006023	GO:0019766
T96060004184	GO:0042802
T96060009167	GO:0019904
T96060009167	GO:0005515
T96060020105	GO:0043565
T96060020105	GO:0001228
T96060008780	GO:0001540
T96060008780	GO:0005515
T96060013062	GO:0035091
T96060013062	GO:0031210
T96060013062	GO:0008525
T96060013062	GO:0008526
T96060002172	GO:0004197
T96060002172	GO:0050700
T96060007898	GO:0004449
T96060007898	GO:0000287
T96060014827	GO:0003697
T96060015970	GO:0030549
T96060013252	GO:0005319
T96060013252	GO:0005548
T96060013252	GO:0035620
T96060013252	GO:0008429
T96060013252	GO:1904121
T96060013252	GO:0019992
T96060013252	GO:0070300
T96060013252	GO:0008525
T96060013252	GO:0031210
T96060013252	GO:0097001
T96060013252	GO:1990050
T96060013252	GO:1901611
T96060010666	GO:0019901
T96060010666	GO:0043539
T96060019110	GO:0048018
T96060011559	GO:0005105
T96060011559	GO:0005515
T96060004481	GO:0042803
T96060009186	GO:0008233
T96060007707	GO:0018812
T96060004483	GO:0042803
T96060006133	GO:0046982
T96060006133	GO:0005515
T96060006133	GO:0042803
T96060005152	GO:0043565
T96060005152	GO:0001228
T96060013558	GO:0000977
T96060013558	GO:0001228
T96060008065	GO:0042609
T96060018824	GO:0000977
T96060018824	GO:0001228
T96060013042	GO:0017176
T96060012540	GO:0003950
T96060012540	GO:0070403
T96060012540	GO:0019899
T96060012540	GO:0005515
T96060019045	GO:0070530
T96060019045	GO:0035014
T96060019045	GO:0005515
T96060004429	GO:0008233
T96060004429	GO:0043130
T96060004429	GO:0042802
T96060000210	GO:0008474
T96060006050	GO:0019903
T96060006050	GO:0019902
T96060006050	GO:0005515
T96060006050	GO:0042289
T96060018325	GO:0070740
T96060014292	GO:0070492
T96060014292	GO:0042834
T96060020130	GO:0005515
T96060020130	GO:0005384
T96060009858	GO:0000977
T96060009858	GO:0001228
T96060005830	GO:0071889
T96060005830	GO:0005515
T96060010312	GO:0004407
T96060019885	GO:0001227
T96060019885	GO:0000977
T96060010924	GO:0003924
T96060010924	GO:0016887
T96060012791	GO:0019956
T96060012791	GO:0005102
T96060012791	GO:0051087
T96060012791	GO:0005515
T96060007002	GO:0031531
T96060007002	GO:0005515
T96060007002	GO:0046982
T96060006829	GO:0004653
T96060006357	GO:0004322
T96060006662	GO:0004622
T96060010480	GO:0050833
T96060010480	GO:0005515
T96060004988	GO:0008569
T96060009410	GO:0042802
T96060018260	GO:0050337
T96060009513	GO:0030548
T96060004633	GO:0030544
T96060008859	GO:0043565
T96060008859	GO:0001228
T96060013032	GO:0051377
T96060017323	GO:0008097
T96060007776	GO:0043565
T96060007776	GO:0001227
T96060007289	GO:0097677
T96060007289	GO:0044389
T96060007289	GO:0019899
T96060007289	GO:0005515
T96060019112	GO:0048018
T96060010649	GO:0031072
T96060010649	GO:0008168
T96060010649	GO:0005515
T96060010649	GO:0016279
T96060006116	GO:0019150
T96060000652	GO:0016491
T96060015362	GO:0002950
T96060017913	GO:0000978
T96060017913	GO:0001077
T96060007001	GO:0031531
T96060007001	GO:0005515
T96060007001	GO:0046982
T96060019301	GO:0004176
T96060019301	GO:0005515
T96060019957	GO:0000978
T96060019957	GO:0001078
T96060015518	GO:0043565
T96060015518	GO:0001227
T96060015518	GO:0000977
T96060016659	GO:0034632
T96060015508	GO:0008260
T96060002798	GO:0036002
T96060009485	GO:0042802
T96060019092	GO:0048018
T96060019111	GO:0048018
T96060013104	GO:0032266
T96060014878	GO:0004526
T96060019016	GO:0017112
T96060019016	GO:0005515
T96060010392	GO:0000977
T96060010392	GO:0001228
T96060011348	GO:0042802
T96060011348	GO:0005515
T96060015935	GO:0042802
T96060019787	GO:0042802
T96060019787	GO:0005515
T96060001100	GO:0004649
T96060008146	GO:0008441
T96060004631	GO:0030544
T96060007786	GO:0000977
T96060007786	GO:0001228
T96060003122	GO:0042802
T96060006746	GO:0042802
T96060006746	GO:0005515
T96060013604	GO:0005507
T96060009874	GO:0043565
T96060009874	GO:0001228
T96060017725	GO:0120053
T96060010558	GO:0042802
T96060001219	GO:0061630
T96060001219	GO:0005515
T96060004694	GO:0042802
T100900000995	GO:1990756
T100900004021	GO:0002020
T100900016557	GO:0001227
T100900016557	GO:0000977
T100900000046	GO:0042802
T100900014295	GO:0004830
T100900001745	GO:0098641
T100900001745	GO:0042802
T100900011054	GO:0017171
T100900015702	GO:0000987
T100900004593	GO:0051015
T100900004593	GO:0005515
T100900013133	GO:0005102
T100900015403	GO:0061630
T100900015403	GO:0045504
T100900015403	GO:0045505
T100900007581	GO:0001227
T100900007581	GO:0000977
T100900012366	GO:0046332
T100900000115	GO:0008474
T100900015706	GO:0004843
T100900000167	GO:0008474
T100900016292	GO:0032266
T100900016292	GO:0005515
T100900005814	GO:0004930
T100900002008	GO:0008017
T100900002008	GO:0005515
T100900014230	GO:0004823
T100900014226	GO:0004822
T100900005806	GO:0004930
T100900014318	GO:0008381
T100900003944	GO:0000978
T100900003944	GO:0001077
T100900008531	GO:0004222
T100900008270	GO:0042802
T100900008271	GO:0042802
T100900016706	GO:0000978
T100900016706	GO:0001078
T100900016626	GO:0043565
T100900016626	GO:0001228
T100900016172	GO:0042802
T100900000116	GO:0008474
T100900000161	GO:0004622
T100900000390	GO:0043843
T100900000453	GO:0004930
T100900000453	GO:0005515
T100900003378	GO:0090422
T100900013565	GO:0003779
T100900006104	GO:0042393
T100900014282	GO:0004829
T100900015791	GO:0101005
T100900004674	GO:0005539
T100900004674	GO:0035248
T100900004674	GO:0030145
T100900004674	GO:0047237
T100900016520	GO:0016409
T100900016520	GO:0005515
T100900005553	GO:0004622
T100900005553	GO:0047395
T100900005553	GO:0008081
T100900002325	GO:0003682
T100900008300	GO:0008474
T100900011024	GO:0043325
T100900011024	GO:0080025
T100900008272	GO:0042802
T101160003911	GO:0001540
T101160003080	GO:0008134
T101160003080	GO:0003682
T101160003080	GO:0019213
T101160005553	GO:0017124
T101160002799	GO:0043565
T101160002799	GO:0001228
T101160002799	GO:0000981
T101160006857	GO:0043621
T101160006857	GO:0042802
T101160003016	GO:0016208
T101160003016	GO:0000166
T101160003016	GO:0032564
T101160003016	GO:0005509
T101160003016	GO:0043531
T101160003016	GO:0003690
T101160003016	GO:0005524
T101160003016	GO:0005525
T101160007333	GO:0046982
T101160007333	GO:0051015
T101160007333	GO:0042802
T101160007333	GO:0042803
T101160006938	GO:0000978
T101160006938	GO:0001077
T101160006585	GO:0000149
T101160006585	GO:0019905
T101160007897	GO:0000978
T101160007897	GO:0001077
T101160004541	GO:0042328
T101160004171	GO:0032403
T101160004171	GO:0051020
T101160004171	GO:0005515
T101160000079	GO:0008474
T101160006340	GO:0070279
T101160006340	GO:0016597
T101160006340	GO:0009000
T101160006340	GO:0042803
T101160004173	GO:0042803
T1604880000257	GO:0000976
T1604880000257	GO:0001216
T1604880000257	GO:0001217
T1604880000286	GO:0000976
T1604880000286	GO:0001217
T1604880000287	GO:0000976
T1604880000287	GO:0001217
T1604880000226	GO:0000976
T1604880000226	GO:0001217
T2089630002754	GO:0042802
T2089630003085	GO:0042802
T2243080003754	GO:0102497
T2243080001018	GO:0004122
T2243080001018	GO:0004124
T2243080001019	GO:0004123
T2243080001666	GO:0042802
T2243080001666	GO:0005515
T2243080003079	GO:0008270
T2243080003079	GO:0042803
T2243080000511	GO:0051499
T2243080000923	GO:0042802
T2243080000923	GO:0005515
T2243080000821	GO:0042802
T2243080000369	GO:0000976
T2243080000369	GO:0001217
T2243080000881	GO:0102497
T2243080000881	GO:0070401
T2243080000881	GO:0070402
T2243080003824	GO:0000976
T2243080003824	GO:0001217
T2243080003054	GO:0000976
T2243080003054	GO:0001217
T2243080001591	GO:0043168
T2243080001591	GO:0033204
T2243080001591	GO:0043199
T2243080001591	GO:0004526
T2243080001591	GO:0031404
T2243080001591	GO:0042781
T2243080001591	GO:0042301
T2243080000946	GO:0043565
T2243080000946	GO:0000976
T2243080000946	GO:0001217
T2243080001303	GO:0042802
T2243080001303	GO:0005515
T2243080001304	GO:0042802
T2243080001304	GO:0005515
T2243080002081	GO:0042802
T2243080002081	GO:0005515
T2243080001793	GO:0042802
T2243080000736	GO:0042802
T2243080000736	GO:0005515
T2243080000411	GO:0008134
T2243080000411	GO:0004122
T2243080000411	GO:0004124
T2243080000411	GO:0042803
T2243080000882	GO:0070404
T2243080000882	GO:0070403
T2243080000882	GO:0016616
T2243080000592	GO:0051539
T2243080000592	GO:0009055
T2243080004185	GO:0000976
T2243080004185	GO:0001217
T2243080000334	GO:0042802
T2243080001595	GO:0042802
T2243080001309	GO:0000976
T2243080001309	GO:0001216
T2243080001309	GO:0001217
T2243080000612	GO:0042802
T2243080000612	GO:0005515
T2243080000406	GO:0009001
T2375610002156	GO:0003678
T2375610002156	GO:0008408
T2375610002991	GO:0043565
T2375610002991	GO:0003714
T2375610012109	GO:0070577
T2375610006689	GO:0050295
T2375610010480	GO:0005525
T2375610002343	GO:1903875
T2375610002343	GO:1903924
T2432320000084	GO:0042803
T2432320000261	GO:0042802
T2432320000103	GO:0042802
T2432320000625	GO:0004829
T2432320000625	GO:0002161
T2432320000224	GO:0003994
T2432320000224	GO:0008270
T2432320000224	GO:0042803
T2432320000301	GO:0003861
T2432730000126	GO:0140032
T2432730000125	GO:0140032
T2432730000066	GO:0004365
T2432730000066	GO:0140032
T2730570000105	GO:0004333
T2730570000007	GO:0042802
T2730570000007	GO:0005515
T2730570000387	GO:0004829
T2730570000387	GO:0002161
T2730570000400	GO:0042802
T2730570000400	GO:0005515
T2848120004414	GO:0008565
T2848120003901	GO:0005515
T2848120003901	GO:0003729
T2848120004952	GO:0042393
T2848120004952	GO:0005515
T37020002111	GO:0005516
T37020002377	GO:0042393
T37020007588	GO:0005262
T37020000296	GO:0003989
T37020005298	GO:0000293
T37020000768	GO:0015175
T37020011367	GO:0004521
T37020012872	GO:0043565
T37020008638	GO:0046915
T37020011727	GO:0061630
T37020011727	GO:0005515
T37020011941	GO:0008865
T37020013905	GO:0042802
T37020013905	GO:0005515
T37020010882	GO:0019904
T37020001268	GO:0008270
T37020008496	GO:0003959
T37020010379	GO:0016767
T37020010379	GO:0005515
T37020010298	GO:0019904
T37020011435	GO:0003899
T37020011435	GO:0005515
T37020008493	GO:0003954
T37020008187	GO:0003959
T37020008188	GO:0003959
T37020001264	GO:0008270
T37020014620	GO:0051082
T37020011171	GO:0003729
T37020012431	GO:0005515
T37020012431	GO:0003729
T37020011349	GO:0003729
T37020007149	GO:0005524
T37020007149	GO:0005515
T37020008850	GO:0008143
T37020007813	GO:0015098
T37020013000	GO:0015462
T37020004381	GO:0005199
T37020010511	GO:0004842
T37020010510	GO:0004842
T37020010509	GO:0004842
T37020013182	GO:0008476
T37020004138	GO:0004519
T37020005526	GO:0003839
T37020013153	GO:0010333
T37020012256	GO:0052689
T37020014661	GO:0003729
T37020013090	GO:0008565
T37020013090	GO:0005515
T37020007090	GO:0019904
T37020007726	GO:0050113
T37020009213	GO:0043565
T37020009213	GO:0005515
T37020009731	GO:0003735
T37020010431	GO:0080054
T37020012803	GO:1990538
T37020012331	GO:0005515
T37020012331	GO:0042803
T37020007669	GO:0080032
T37020007669	GO:0016788
T37020001117	GO:0043565
T37020001288	GO:0046976
T37020001288	GO:0005515
T37020014494	GO:0015035
T37020014494	GO:0005515
T37020010453	GO:0090448
T37020009016	GO:0052667
T37020009212	GO:0043565
T37020009212	GO:0005515
T37020005828	GO:0004372
T37020008424	GO:0005384
T37020000709	GO:0005253
T37020000425	GO:0010209
T37020003760	GO:0051213
T37020008274	GO:0003712
T37020008274	GO:0005515
T37020003779	GO:0003887
T37020000770	GO:0015175
T37020000770	GO:0015173
T37020003398	GO:0003729
T37020002640	GO:0005516
T37020013173	GO:0010333
T37020011939	GO:0008865
T37020005651	GO:0008821
T37020002645	GO:0005516
T37020008244	GO:0051015
T37020004001	GO:0003924
T37020004001	GO:0003723
T37020004001	GO:0005515
T37020001745	GO:0003729
T37020013875	GO:0051015
T37020013875	GO:0003729
T37020000923	GO:0003779
T37020010451	GO:0015108
T37020011940	GO:0008865
T37020000185	GO:0010328
T37020000185	GO:0010329
T37020009492	GO:0030599
T37020010586	GO:0004642
T37020010586	GO:0005524
T37020012426	GO:0046982
T37020012426	GO:0003677
T37020002025	GO:0003843
T37020010416	GO:0080054
T37020007101	GO:0005313
T37020007101	GO:0015180
T37020007101	GO:0015183
T37020009194	GO:0032266
T37020005583	GO:0008126
T37020004901	GO:0061630
T37020004901	GO:0005515
T37020000055	GO:0008442
T37020000055	GO:0043621
T37020000769	GO:0015175
T37020006041	GO:0004383
T37020006041	GO:0019825
T37020006041	GO:0070026
T37020000259	GO:0005515
T37020000259	GO:0042803
T37020010241	GO:0003729
T37020005500	GO:0009975
T37020000798	GO:0016706
T446890002509	GO:0004748
T446890000954	GO:0017137
T446890000954	GO:0005515
T446890003376	GO:0005096
T446890003376	GO:0005547
T446890002650	GO:0008526
T446890001819	GO:0032403
T446890003557	GO:0005547
T446890001556	GO:0008017
T446890001556	GO:0008574
T446890001556	GO:0016887
T446890002156	GO:0008526
T446890002155	GO:0008526
T5592920002757	GO:0005546
T5592920005810	GO:0015116
T5592920005810	GO:1901682
T5592920005636	GO:0016616
T5592920004487	GO:0004674
T5592920001529	GO:0046316
T5592920005364	GO:0019150
T72270013573	GO:0005385
T72270002492	GO:0070530
T72270002492	GO:1990450
T72270002492	GO:0036435
T72270002492	GO:0061630
T72270002492	GO:0070530
T72270002492	GO:1990450
T72270002492	GO:0036435
T72270002492	GO:0061630
T72270002492	GO:0070530
T72270002492	GO:1990450
T72270002492	GO:0036435
T72270002492	GO:0061630
T72270002492	GO:0070530
T72270002492	GO:1990450
T72270002492	GO:0036435
T72270002492	GO:0061630
T72270002492	GO:0070530
T72270002492	GO:1990450
T72270002492	GO:0036435
T72270002492	GO:0061630
T72270007486	GO:0070182
T72270004497	GO:0042802
T72270002492	GO:0070530
T72270002492	GO:1990450
T72270002492	GO:0036435
T72270002492	GO:0061630
T72270005860	GO:0003729
T72270002492	GO:0070530
T72270002492	GO:1990450
T72270002492	GO:0036435
T72270002492	GO:0061630
T72270005860	GO:0003729
T72270013475	GO:0000175
T72270009755	GO:0022852
T72270013702	GO:0042802
T72270002980	GO:0003756
T72270013625	GO:0042802
T72270003104	GO:0008574
T72270003104	GO:0032266
T72270008554	GO:1990247
T72270008554	GO:0036002
T72270004208	GO:0004521
T72270002728	GO:0043908
T72270002728	GO:0106026
T72270010166	GO:0008198
T72270007486	GO:0070182
T72270000115	GO:0003682
T72270003344	GO:1902944
T72270004734	GO:0017112
T72270011439	GO:0001734
T72270004262	GO:0042802
T72270009747	GO:0008177
T72270002492	GO:0070530
T72270002492	GO:1990450
T72270002492	GO:0036435
T72270002492	GO:0061630
T72270002984	GO:0008239
T72270002984	GO:0015459
T72270002984	GO:0044325
T72270009820	GO:0042802
T72270011796	GO:0044325
T72270012322	GO:0031490
T72270009830	GO:0044183
T72270005970	GO:0004521
T72270005860	GO:1990247
T72270005860	GO:0036002
T72270005860	GO:0003729
T72270013475	GO:0000175
T72270004974	GO:0005328
T72270004974	GO:0015375
T72270011829	GO:0042802
T72270007763	GO:0042802
T72270005860	GO:0003729
T79550001022	GO:0070492
T79550001022	GO:0050656
T79550001022	GO:0008146
T79550002162	GO:0050251
T79550002031	GO:0043565
T79550002031	GO:0000287
T79550002031	GO:0005515
T79550002928	GO:1903231
T79550002928	GO:0005515
T79550002928	GO:0003729
T833330002648	GO:0042802
T833330002648	GO:0009010
T833330001166	GO:0005291
T833330001698	GO:0061799
T833330001698	GO:0042802
T833330001698	GO:0005515
T833330000127	GO:0016740
T833330000127	GO:0046872
T833330000127	GO:0071949
T833330000903	GO:0016836
T833330000903	GO:0042802
T833330003842	GO:0051539
T833330001586	GO:0032403
T833330001586	GO:0003690
T833330001586	GO:0097351
T833330001586	GO:0042803
T833330000270	GO:0008706
T833330002287	GO:0045145
T833330002287	GO:0005515
T833330002453	GO:0000976
T833330002453	GO:0001216
T833330001682	GO:0008932
T833330001682	GO:0008933
T833330001682	GO:0005515
T833330002757	GO:0030975
T833330002757	GO:0030976
T833330002641	GO:1990929
T833330000393	GO:0097697
T833330003011	GO:0015148
T833330004427	GO:0008270
T833330004425	GO:0022883
T833330004425	GO:0005515
T833330003823	GO:0001216
T833330004141	GO:0071111
T833330001169	GO:0033971
T833330001169	GO:0042802
T833330000217	GO:0003985
T833330000217	GO:0042802
T833330000769	GO:0004300
T833330000769	GO:0003857
T833330000769	GO:0005515
T833330003446	GO:0050660
T833330003446	GO:0051539
T83550002035	GO:0031491
T83550002035	GO:0005515
T83550001279	GO:0061676
T83550001980	GO:0042802
T83550003281	GO:0003690
T83550003281	GO:0003684
T83550003281	GO:0008270
T83550002320	GO:0008266
T83550002320	GO:0003727
T83550002320	GO:0042803
T83550001593	GO:0042802
T83550002058	GO:0003682
T859620000051	GO:0042802
T859620000265	GO:0042802
T96060008285	GO:0019901
T96060008285	GO:0051434
T96060008285	GO:0050700
T96060008285	GO:0043539
T96060008285	GO:0005515
T96060019148	GO:0003779
T96060014484	GO:0005096
T96060011316	GO:0043565
T96060011316	GO:0001228
T96060018320	GO:0070740
T96060018328	GO:0070735
T96060008733	GO:0032454
T96060001914	GO:0005548
T96060001914	GO:0035091
T96060001914	GO:0008526
T96060018421	GO:0000987
T96060018421	GO:0043565
T96060018421	GO:0001228
T96060017531	GO:0043565
T96060017531	GO:0001228
T96060016545	GO:0001047
T96060011364	GO:0043565
T96060016090	GO:0046872
T96060017706	GO:0046982
T96060017706	GO:0005515
T96060017706	GO:0042803
T96060010196	GO:0031072
T96060010196	GO:0005515
T96060011073	GO:0015016
T96060011073	GO:0042328
T96060012574	GO:0030548
T96060010078	GO:0003688
T96060010078	GO:0042393
T96060010078	GO:0005515
T96060014225	GO:0042802
T96060014225	GO:0003723
T96060014225	GO:0005515
T96060016549	GO:0004062
T96060002951	GO:0005179
T96060001649	GO:0030145
T96060001649	GO:0003823
T96060001649	GO:0000166
T96060006134	GO:0046982
T96060006134	GO:0005515
T96060006134	GO:0042803
T96060003308	GO:0001618
T96060003308	GO:0005515
T96060002146	GO:0089720
T96060002146	GO:0050700
T96060002146	GO:0005515
T96060005496	GO:0008201
T96060017967	GO:0015631
T96060008292	GO:0043565
T96060008292	GO:0001227
T96060010036	GO:0035064
T96060009474	GO:0005523
T96060009474	GO:0003785
T96060018443	GO:0005540
T96060018443	GO:0003723
T96060018443	GO:0004843
T96060018324	GO:0070740
T96060008186	GO:0030674
T96060008186	GO:0019904
T96060008186	GO:0005515
T96060003236	GO:0019903
T96060003236	GO:0030547
T96060014856	GO:0004750
T96060000768	GO:0008233
T96060012541	GO:0003950
T96060012541	GO:0001191
T96060012541	GO:0070403
T96060012541	GO:0005515
T96060006834	GO:0004653
T96060010670	GO:0003677
T96060009955	GO:0008017
T96060001910	GO:0061898
T96060001910	GO:0061899
T96060001910	GO:0061896
T96060001910	GO:0061897
T96060001910	GO:1904768
T96060001910	GO:0001972
T96060001910	GO:0005502
T96060001910	GO:0005503
T96060008607	GO:0042826
T96060008607	GO:0097602
T96060002144	GO:0089720
T96060002144	GO:0050700
T96060002144	GO:0019900
T96060002144	GO:0005515
T96060002144	GO:0004869
T96060002144	GO:0042802
T96060003618	GO:0102005
T96060003618	GO:0005515
T96060000544	GO:0016740
T96060008263	GO:0005086
T96060009739	GO:0042802
T96060004404	GO:0061630
T96060004404	GO:0005515
T96060004207	GO:1903763
T96060005380	GO:0019901
T96060003727	GO:0103002
T96060003727	GO:0102116
T96060003727	GO:0052869
T96060009556	GO:0044325
T96060009556	GO:0099104
T96060009556	GO:0005249
T96060014777	GO:0070404
T96060014777	GO:0051379
T96060014777	GO:0016651
T96060014777	GO:0097621
T96060002145	GO:0089720
T96060002145	GO:0042802
T96060002145	GO:0005515
T96060015955	GO:0003924
T96060003842	GO:0051018
T96060004927	GO:0008138
T96060004927	GO:0042803
T96060014271	GO:0035613
T96060014271	GO:0003723
T96060014271	GO:0005515
T96060014271	GO:0042803
T96060008598	GO:0042802
T96060013902	GO:0019902
T96060013902	GO:0004872
T96060013902	GO:0005515
T96060016569	GO:0004062
T96060007957	GO:0031625
T96060012741	GO:0004527
T96060012741	GO:0000175
T96060000845	GO:0016274
T96060000845	GO:0005515
T96060000845	GO:0035243
T96060006830	GO:0004653
T96060000211	GO:0008474
T96060004189	GO:0005243
T96060017543	GO:0009019
T96060002806	GO:0046848
T96060018429	GO:0005540
T96060018429	GO:0004843
T96060018429	GO:0003723
T96060004575	GO:0072555
T96060004575	GO:0004303
T96060004575	GO:0000253
T96060004575	GO:0072582
T96060008010	GO:0005102
T96060009459	GO:0004872
T96060009459	GO:0005515
T96060008011	GO:0005102
T96060016192	GO:0098821
T96060016192	GO:0036122
T96060014206	GO:0008143
T96060014206	GO:0008266
T96060014206	GO:0035925
T96060009572	GO:0044325
T96060009572	GO:0099104
T96060009572	GO:0005249
T96060010715	GO:0048365
T96060010715	GO:0005096
T96060004525	GO:0032403
T96060004525	GO:0031625
T96060004525	GO:0005515
T96060004525	GO:1990756
T96060018517	GO:0061630
T96060018517	GO:0030332
T96060018517	GO:0044390
T96060003191	GO:0019901
T96060003191	GO:0008427
T96060009757	GO:0003796
T96060008120	GO:0042802
T96060000639	GO:0034237
T96060000639	GO:0005515
T96060011210	GO:0000987
T96060011210	GO:0003700
T96060011210	GO:0005515
T96060011210	GO:0042803
T96060017500	GO:0031837
T96060017500	GO:0048018
T96060017500	GO:0031835
T96060014742	GO:0046332
T96060000769	GO:0008233
T96060010198	GO:0031072
T96060010198	GO:0008134
T96060010198	GO:0005515
T96060010968	GO:0008017
T96060014522	GO:0072590
T96060013234	GO:0016787
T96060013234	GO:0042577
T96060014111	GO:0019003
T96060014111	GO:0042802
T96060014111	GO:0005525
T96060004261	GO:0008289
T96060004260	GO:0031727
T96060004260	GO:0001530
T96060004260	GO:0005515
T96060004260	GO:0008201
T96060001139	GO:0050692
T96060001139	GO:0002039
T96060010311	GO:0004407
T96060010311	GO:0042826
T96060004321	GO:0001530
T96060009570	GO:0044325
T96060009570	GO:0099104
T96060009570	GO:0005249
T96060010045	GO:0015174
T96060010045	GO:0005289
T96060010045	GO:0005292
T96060010045	GO:0015227
T96060013286	GO:0004535
T96060013545	GO:0030332
T96060001550	GO:0005102
T96060001550	GO:1990782
T96060009738	GO:0042802
T96060013684	GO:0004252
T96060018330	GO:0004835
T96060018318	GO:0070740
T96060008068	GO:0048018
T96060008068	GO:0005125
T96060008068	GO:0042803
T96060005449	GO:0030676
T96060005449	GO:0051015
T96060005449	GO:0005515
T96060019073	GO:0048019
T96060019073	GO:0005515
T96060019073	GO:0050431
T96060004258	GO:0042056
T96060006844	GO:0047961
T96060013328	GO:0051015
T96060010935	GO:0019966
T96060010935	GO:0089720
T96060010935	GO:0019828
T96060015038	GO:0017124
T96060015080	GO:0005509
T96060015080	GO:0005515
T96060015080	GO:0042803
T96060001212	GO:0061630
T96060001212	GO:0005515
T96060017387	GO:0020037
T96060017387	GO:0042803
T96060017895	GO:0016206
T96060006843	GO:0047946
T96060011601	GO:0008418
T96060018291	GO:0019900
T96060019928	GO:0048019
T96060019928	GO:0008134
T96060019928	GO:0003714
T96060019928	GO:0050682
T96060005169	GO:0042802
T96060005169	GO:0005515
T96060010696	GO:0052629
T96060010696	GO:0005515
T96060010696	GO:0004438
T96060010824	GO:0003779
T96060010824	GO:0016887
T96060014133	GO:0000978
T96060014133	GO:0001077
T96060019755	GO:0046982
T96060019755	GO:0042803
T96060006047	GO:0019900
T96060006047	GO:0019902
T96060002166	GO:0047186
T96060016381	GO:0004756
T96060009225	GO:0048027
T96060009225	GO:1990825
T96060009225	GO:0005515
T96060006137	GO:0046982
T96060006137	GO:0005515
T96060006137	GO:0042803
T96060014756	GO:0061630
T96060014756	GO:0005515
T96060008293	GO:0043565
T96060008293	GO:0001227
T96060001440	GO:0005184
T96060008058	GO:0001227
T96060008058	GO:0000977
T96060008058	GO:0019904
T96060008058	GO:0008270
T96060005363	GO:0004301
T96060018852	GO:0042802
T96060014778	GO:0070006
T96060018553	GO:0036459
T96060001643	GO:0043014
T96060001643	GO:0042826
T96060007177	GO:0004860
T96060007177	GO:0008013
T96060007177	GO:0051018
T96060007177	GO:0034237
T96060007177	GO:0005515
T96060013608	GO:0004657
T96060013608	GO:0016645
T96060000625	GO:0032403
T96060000625	GO:0008013
T96060014523	GO:0072590
T96060006268	GO:0043565
T96060006268	GO:0001228
T992870000460	GO:0042802
T992870000460	GO:0005515
T992870000568	GO:0042802
T992870000225	GO:0000976
T992870000225	GO:0001216
T992870000466	GO:0000976
T992870000466	GO:0001216
T992870001023	GO:0001130
T992870001023	GO:0000976
T992870001023	GO:0001216
T992870000449	GO:0042802
T992870000449	GO:0005515
T992870001259	GO:0000976
T992870001259	GO:0001216
T992870000631	GO:0042802
T992870001087	GO:0003700
T992870001087	GO:0030170
T992870001087	GO:0003677
T992870001052	GO:0042802
T992870000685	GO:0000976
T992870000685	GO:0001216
T992870000027	GO:0042802
T992870000828	GO:0042802
T992870001336	GO:0042802
T992870001601	GO:0042802
T992870001784	GO:0042802
